--
-- PostgreSQL database dump
--

\restrict unYaZysy4inxv1gvw9cS5LTY4pfBV7z1VJLfMqwxQJZ5rw8jJMELoCi9ZBfqBzZ

-- Dumped from database version 15.15 (Debian 15.15-1.pgdg13+1)
-- Dumped by pg_dump version 15.15 (Debian 15.15-1.pgdg13+1)

SET statement_timeout = 0;
SET lock_timeout = 0;
SET idle_in_transaction_session_timeout = 0;
SET client_encoding = 'UTF8';
SET standard_conforming_strings = on;
SELECT pg_catalog.set_config('search_path', '', false);
SET check_function_bodies = false;
SET xmloption = content;
SET client_min_messages = warning;
SET row_security = off;

--
-- Data for Name: companies; Type: TABLE DATA; Schema: public; Owner: employee_user
--

SET SESSION AUTHORIZATION DEFAULT;

ALTER TABLE public.companies DISABLE TRIGGER ALL;

INSERT INTO public.companies (id, code, name, name_kana, postal_code, address, phone, website, industry, status, remark, created_at, updated_at) VALUES ('cc18e01c-e844-46c6-9d85-776a29971b5e', 'COMP001', '株式会社テックソリューションズ', 'カブシキガイシャテックソリューションズ', '100-0001', '東京都千代田区千代田1-1-1', '03-1234-5678', 'https://techsolutions.example.com', 'IT・ソフトウェア', 'ACTIVE', '大手システムインテグレーター', '2026-02-03 07:57:02.31', '2026-02-03 07:57:02.31');
INSERT INTO public.companies (id, code, name, name_kana, postal_code, address, phone, website, industry, status, remark, created_at, updated_at) VALUES ('ef8ae87d-db22-4f71-80bb-06b92055b39a', 'COMP004', '株式会社メディカルケアシステムズ', 'カブシキガイシャメディカルケアシステムズ', '460-0001', '愛知県名古屋市中区栄4-4-4', '052-4567-8901', 'https://medcare-sys.example.com', '医療・ヘルスケア', 'ACTIVE', '医療機器・システム開発', '2026-02-03 07:57:02.31', '2026-02-03 07:57:02.31');
INSERT INTO public.companies (id, code, name, name_kana, postal_code, address, phone, website, industry, status, remark, created_at, updated_at) VALUES ('750b2dee-a74d-4482-9e94-9f717b2a53ef', 'COMP003', '株式会社フィンテックジャパン', 'カブシキガイシャフィンテックジャパン', '103-0027', '東京都中央区日本橋3-3-3', '03-3456-7890', 'https://fintech-jp.example.com', '金融・保険', 'ACTIVE', '金融システム開発企業', '2026-02-03 07:57:02.31', '2026-02-03 07:57:02.31');
INSERT INTO public.companies (id, code, name, name_kana, postal_code, address, phone, website, industry, status, remark, created_at, updated_at) VALUES ('9d13bf78-3619-43a4-956a-af38b5671802', 'COMP005', '株式会社エンターテイメントワークス', 'カブシキガイシャエンターテイメントワークス', '150-0001', '東京都渋谷区神宮前5-5-5', '03-5678-9012', 'https://entertainment-works.example.com', 'エンターテイメント', 'ACTIVE', 'ゲーム・映像制作', '2026-02-03 07:57:02.31', '2026-02-03 09:09:25.501');
INSERT INTO public.companies (id, code, name, name_kana, postal_code, address, phone, website, industry, status, remark, created_at, updated_at) VALUES ('32f425f2-6658-4718-b887-f49873222fef', 'COMP002', '株式会社グローバル製造', 'カブシキガイシャグローバルセイゾウ', '530-0001', '大阪府大阪市北区梅田2-2-2', '06-2345-6789', 'https://global-mfg.example.com', '製造業・機械', 'ACTIVE', '自動車部品メーカー', '2026-02-03 07:57:02.31', '2026-02-03 09:10:47.799');


ALTER TABLE public.companies ENABLE TRIGGER ALL;

--
-- Data for Name: company_offices; Type: TABLE DATA; Schema: public; Owner: employee_user
--

ALTER TABLE public.company_offices DISABLE TRIGGER ALL;

INSERT INTO public.company_offices (id, company_id, name, postal_code, address, phone, is_headquarters, sort_order, created_at, updated_at) VALUES ('c0dc9a66-d673-4ab7-a4e4-bf5d89aff68a', 'cc18e01c-e844-46c6-9d85-776a29971b5e', '本社', '100-0001', '東京都千代田区千代田1-1-1 テックビル10F', '03-1234-5678', true, 1, '2026-02-03 07:57:02.355', '2026-02-03 07:57:02.355');
INSERT INTO public.company_offices (id, company_id, name, postal_code, address, phone, is_headquarters, sort_order, created_at, updated_at) VALUES ('9c358a72-891d-44b4-87b2-89d2e5db4cbe', 'cc18e01c-e844-46c6-9d85-776a29971b5e', '大阪支社', '530-0001', '大阪府大阪市北区梅田1-1-1', '06-1234-5678', false, 2, '2026-02-03 07:57:02.361', '2026-02-03 07:57:02.361');
INSERT INTO public.company_offices (id, company_id, name, postal_code, address, phone, is_headquarters, sort_order, created_at, updated_at) VALUES ('9d856978-1958-417e-9a31-259a1afae775', 'cc18e01c-e844-46c6-9d85-776a29971b5e', '名古屋支社', '450-0001', '愛知県名古屋市中村区名駅1-1-1', '052-1234-5678', false, 3, '2026-02-03 07:57:02.365', '2026-02-03 07:57:02.365');
INSERT INTO public.company_offices (id, company_id, name, postal_code, address, phone, is_headquarters, sort_order, created_at, updated_at) VALUES ('3e904792-e6a8-4476-b60c-419631756b9c', '32f425f2-6658-4718-b887-f49873222fef', '浜松工場', '432-0001', '静岡県浜松市中区浜松町1-1-1', '053-2345-6789', false, 2, '2026-02-03 07:57:02.369', '2026-02-03 07:57:02.369');
INSERT INTO public.company_offices (id, company_id, name, postal_code, address, phone, is_headquarters, sort_order, created_at, updated_at) VALUES ('704a3624-2286-43e4-a3d2-40f8c53f562f', '32f425f2-6658-4718-b887-f49873222fef', '本社工場', '530-0001', '大阪府大阪市北区梅田2-2-2', '06-2345-6789', true, 1, '2026-02-03 07:57:02.369', '2026-02-03 07:57:02.369');
INSERT INTO public.company_offices (id, company_id, name, postal_code, address, phone, is_headquarters, sort_order, created_at, updated_at) VALUES ('5ac18c14-f0cc-46a8-b316-9c5125069ce2', 'ef8ae87d-db22-4f71-80bb-06b92055b39a', '本社', '460-0001', '愛知県名古屋市中区栄4-4-4', '052-4567-8901', true, 1, '2026-02-03 07:57:02.373', '2026-02-03 07:57:02.373');
INSERT INTO public.company_offices (id, company_id, name, postal_code, address, phone, is_headquarters, sort_order, created_at, updated_at) VALUES ('2e4f8696-b7f3-44f6-95a0-285c5a3ac40d', '750b2dee-a74d-4482-9e94-9f717b2a53ef', '本社', '103-0027', '東京都中央区日本橋3-3-3', '03-3456-7890', true, 1, '2026-02-03 07:57:02.373', '2026-02-03 07:57:02.373');
INSERT INTO public.company_offices (id, company_id, name, postal_code, address, phone, is_headquarters, sort_order, created_at, updated_at) VALUES ('22fe6259-7025-401a-bf95-b9254e4ddbe6', '9d13bf78-3619-43a4-956a-af38b5671802', '本社', '150-0001', '東京都渋谷区神宮前5-5-5', '03-5678-9012', true, 1, '2026-02-03 07:57:02.373', '2026-02-03 07:57:02.373');
INSERT INTO public.company_offices (id, company_id, name, postal_code, address, phone, is_headquarters, sort_order, created_at, updated_at) VALUES ('b6484dc3-ea00-443a-8c08-c64330c5bbfb', 'cc18e01c-e844-46c6-9d85-776a29971b5e', '本社', '100-0001', '東京都千代田区千代田1-1-1 テックビル10F', '03-1234-5678', true, 1, '2026-02-03 08:48:38.134', '2026-02-03 08:48:38.134');
INSERT INTO public.company_offices (id, company_id, name, postal_code, address, phone, is_headquarters, sort_order, created_at, updated_at) VALUES ('9ba8f773-9c54-44d8-abf3-9a18c068f2d5', 'cc18e01c-e844-46c6-9d85-776a29971b5e', '大阪支社', '530-0001', '大阪府大阪市北区梅田1-1-1', '06-1234-5678', false, 2, '2026-02-03 08:48:38.14', '2026-02-03 08:48:38.14');
INSERT INTO public.company_offices (id, company_id, name, postal_code, address, phone, is_headquarters, sort_order, created_at, updated_at) VALUES ('ccb52a31-d582-4d01-bf76-5e306fbe4bb1', 'cc18e01c-e844-46c6-9d85-776a29971b5e', '名古屋支社', '450-0001', '愛知県名古屋市中村区名駅1-1-1', '052-1234-5678', false, 3, '2026-02-03 08:48:38.142', '2026-02-03 08:48:38.142');
INSERT INTO public.company_offices (id, company_id, name, postal_code, address, phone, is_headquarters, sort_order, created_at, updated_at) VALUES ('729e73af-ccad-4442-a8e5-7f6ee1bcf8b9', '32f425f2-6658-4718-b887-f49873222fef', '本社工場', '530-0001', '大阪府大阪市北区梅田2-2-2', '06-2345-6789', true, 1, '2026-02-03 08:48:38.144', '2026-02-03 08:48:38.144');
INSERT INTO public.company_offices (id, company_id, name, postal_code, address, phone, is_headquarters, sort_order, created_at, updated_at) VALUES ('de95877d-1d79-4c10-98e2-0816f475d69a', '32f425f2-6658-4718-b887-f49873222fef', '浜松工場', '432-0001', '静岡県浜松市中区浜松町1-1-1', '053-2345-6789', false, 2, '2026-02-03 08:48:38.144', '2026-02-03 08:48:38.144');
INSERT INTO public.company_offices (id, company_id, name, postal_code, address, phone, is_headquarters, sort_order, created_at, updated_at) VALUES ('e27ad0d9-e286-4176-9e56-3e37f4b24256', 'ef8ae87d-db22-4f71-80bb-06b92055b39a', '本社', '460-0001', '愛知県名古屋市中区栄4-4-4', '052-4567-8901', true, 1, '2026-02-03 08:48:38.148', '2026-02-03 08:48:38.148');
INSERT INTO public.company_offices (id, company_id, name, postal_code, address, phone, is_headquarters, sort_order, created_at, updated_at) VALUES ('bf6184ca-1b0a-437c-8b09-a843c0267252', '750b2dee-a74d-4482-9e94-9f717b2a53ef', '本社', '103-0027', '東京都中央区日本橋3-3-3', '03-3456-7890', true, 1, '2026-02-03 08:48:38.148', '2026-02-03 08:48:38.148');
INSERT INTO public.company_offices (id, company_id, name, postal_code, address, phone, is_headquarters, sort_order, created_at, updated_at) VALUES ('a973b0f1-07aa-45ca-9142-56fd514ae19e', '9d13bf78-3619-43a4-956a-af38b5671802', '本社', '150-0001', '東京都渋谷区神宮前5-5-5', '03-5678-9012', true, 1, '2026-02-03 08:48:38.148', '2026-02-03 08:48:38.148');


ALTER TABLE public.company_offices ENABLE TRIGGER ALL;

--
-- Data for Name: company_departments; Type: TABLE DATA; Schema: public; Owner: employee_user
--

ALTER TABLE public.company_departments DISABLE TRIGGER ALL;

INSERT INTO public.company_departments (id, company_id, office_id, parent_id, type, name, sort_order, created_at, updated_at) VALUES ('e8df7bcc-44cf-4206-9238-840fdaba023a', 'cc18e01c-e844-46c6-9d85-776a29971b5e', 'c0dc9a66-d673-4ab7-a4e4-bf5d89aff68a', NULL, 'DIVISION', 'IT事業部', 1, '2026-02-03 07:57:02.378', '2026-02-03 07:57:02.378');
INSERT INTO public.company_departments (id, company_id, office_id, parent_id, type, name, sort_order, created_at, updated_at) VALUES ('c1d44aec-7706-4c9d-917e-6c175af94e08', 'cc18e01c-e844-46c6-9d85-776a29971b5e', 'c0dc9a66-d673-4ab7-a4e4-bf5d89aff68a', 'e8df7bcc-44cf-4206-9238-840fdaba023a', 'DEPARTMENT', '開発部', 1, '2026-02-03 07:57:02.383', '2026-02-03 07:57:02.383');
INSERT INTO public.company_departments (id, company_id, office_id, parent_id, type, name, sort_order, created_at, updated_at) VALUES ('d7b0793a-6c3e-4fd5-bfac-59df73b57e83', 'cc18e01c-e844-46c6-9d85-776a29971b5e', 'c0dc9a66-d673-4ab7-a4e4-bf5d89aff68a', 'c1d44aec-7706-4c9d-917e-6c175af94e08', 'SECTION', '第一開発課', 1, '2026-02-03 07:57:02.386', '2026-02-03 07:57:02.386');
INSERT INTO public.company_departments (id, company_id, office_id, parent_id, type, name, sort_order, created_at, updated_at) VALUES ('afe8864a-4479-42ff-ae0d-1c8dd8a3e428', 'cc18e01c-e844-46c6-9d85-776a29971b5e', 'c0dc9a66-d673-4ab7-a4e4-bf5d89aff68a', 'c1d44aec-7706-4c9d-917e-6c175af94e08', 'SECTION', '第二開発課', 2, '2026-02-03 07:57:02.386', '2026-02-03 07:57:02.386');
INSERT INTO public.company_departments (id, company_id, office_id, parent_id, type, name, sort_order, created_at, updated_at) VALUES ('217fb5e6-a8a5-45be-9cc5-8269d1108f71', 'cc18e01c-e844-46c6-9d85-776a29971b5e', 'c0dc9a66-d673-4ab7-a4e4-bf5d89aff68a', 'e8df7bcc-44cf-4206-9238-840fdaba023a', 'DEPARTMENT', 'インフラ部', 2, '2026-02-03 07:57:02.389', '2026-02-03 07:57:02.389');
INSERT INTO public.company_departments (id, company_id, office_id, parent_id, type, name, sort_order, created_at, updated_at) VALUES ('c73737a7-a4ce-4778-af88-cf16351530ce', '32f425f2-6658-4718-b887-f49873222fef', NULL, NULL, 'DIVISION', '技術開発本部', 1, '2026-02-03 07:57:02.391', '2026-02-03 07:57:02.391');
INSERT INTO public.company_departments (id, company_id, office_id, parent_id, type, name, sort_order, created_at, updated_at) VALUES ('aa556193-ab5b-4cbf-ab3c-c8e961cea644', '32f425f2-6658-4718-b887-f49873222fef', NULL, 'c73737a7-a4ce-4778-af88-cf16351530ce', 'DEPARTMENT', '機構設計部', 1, '2026-02-03 07:57:02.394', '2026-02-03 07:57:02.394');
INSERT INTO public.company_departments (id, company_id, office_id, parent_id, type, name, sort_order, created_at, updated_at) VALUES ('5f928942-6a02-48bf-84de-48e955ca2c1f', '32f425f2-6658-4718-b887-f49873222fef', NULL, 'c73737a7-a4ce-4778-af88-cf16351530ce', 'DEPARTMENT', '電気設計部', 2, '2026-02-03 07:57:02.398', '2026-02-03 07:57:02.398');
INSERT INTO public.company_departments (id, company_id, office_id, parent_id, type, name, sort_order, created_at, updated_at) VALUES ('708e0e6f-d382-4fcf-bd5c-5497327ca270', '750b2dee-a74d-4482-9e94-9f717b2a53ef', NULL, NULL, 'DEPARTMENT', 'システム開発部', 1, '2026-02-03 07:57:02.401', '2026-02-03 07:57:02.401');
INSERT INTO public.company_departments (id, company_id, office_id, parent_id, type, name, sort_order, created_at, updated_at) VALUES ('c624f543-f07b-4155-b59a-cdd5e12bd83d', 'ef8ae87d-db22-4f71-80bb-06b92055b39a', NULL, NULL, 'DEPARTMENT', '製品開発部', 1, '2026-02-03 07:57:02.414', '2026-02-03 07:57:02.414');
INSERT INTO public.company_departments (id, company_id, office_id, parent_id, type, name, sort_order, created_at, updated_at) VALUES ('d1de59bc-5f28-4de1-b834-a220678e492c', '9d13bf78-3619-43a4-956a-af38b5671802', NULL, NULL, 'DEPARTMENT', 'ゲーム開発部', 1, '2026-02-03 07:57:02.425', '2026-02-03 07:57:02.425');
INSERT INTO public.company_departments (id, company_id, office_id, parent_id, type, name, sort_order, created_at, updated_at) VALUES ('9e8c6061-bf04-42bb-994a-fa7da68bb8ea', 'cc18e01c-e844-46c6-9d85-776a29971b5e', 'b6484dc3-ea00-443a-8c08-c64330c5bbfb', NULL, 'DIVISION', 'IT事業部', 1, '2026-02-03 08:48:38.152', '2026-02-03 08:48:38.152');
INSERT INTO public.company_departments (id, company_id, office_id, parent_id, type, name, sort_order, created_at, updated_at) VALUES ('991c69a8-06b8-4d7c-a111-7d9057d77b23', 'cc18e01c-e844-46c6-9d85-776a29971b5e', 'b6484dc3-ea00-443a-8c08-c64330c5bbfb', '9e8c6061-bf04-42bb-994a-fa7da68bb8ea', 'DEPARTMENT', '開発部', 1, '2026-02-03 08:48:38.156', '2026-02-03 08:48:38.156');
INSERT INTO public.company_departments (id, company_id, office_id, parent_id, type, name, sort_order, created_at, updated_at) VALUES ('899d6cf8-6779-475c-860e-ef896bfedd40', 'cc18e01c-e844-46c6-9d85-776a29971b5e', 'b6484dc3-ea00-443a-8c08-c64330c5bbfb', '991c69a8-06b8-4d7c-a111-7d9057d77b23', 'SECTION', '第一開発課', 1, '2026-02-03 08:48:38.159', '2026-02-03 08:48:38.159');
INSERT INTO public.company_departments (id, company_id, office_id, parent_id, type, name, sort_order, created_at, updated_at) VALUES ('c6d8b7a1-513b-4475-b217-9092a9477754', 'cc18e01c-e844-46c6-9d85-776a29971b5e', 'b6484dc3-ea00-443a-8c08-c64330c5bbfb', '991c69a8-06b8-4d7c-a111-7d9057d77b23', 'SECTION', '第二開発課', 2, '2026-02-03 08:48:38.159', '2026-02-03 08:48:38.159');
INSERT INTO public.company_departments (id, company_id, office_id, parent_id, type, name, sort_order, created_at, updated_at) VALUES ('9e2765a4-5416-422d-8317-58174307b24d', 'cc18e01c-e844-46c6-9d85-776a29971b5e', 'b6484dc3-ea00-443a-8c08-c64330c5bbfb', '9e8c6061-bf04-42bb-994a-fa7da68bb8ea', 'DEPARTMENT', 'インフラ部', 2, '2026-02-03 08:48:38.162', '2026-02-03 08:48:38.162');
INSERT INTO public.company_departments (id, company_id, office_id, parent_id, type, name, sort_order, created_at, updated_at) VALUES ('70bcb61f-0810-421e-8924-6f75b2d14951', '32f425f2-6658-4718-b887-f49873222fef', NULL, NULL, 'DIVISION', '技術開発本部', 1, '2026-02-03 08:48:38.164', '2026-02-03 08:48:38.164');
INSERT INTO public.company_departments (id, company_id, office_id, parent_id, type, name, sort_order, created_at, updated_at) VALUES ('ea582eb4-2c5f-4860-8912-fcbab7a1c8d4', '32f425f2-6658-4718-b887-f49873222fef', NULL, '70bcb61f-0810-421e-8924-6f75b2d14951', 'DEPARTMENT', '機構設計部', 1, '2026-02-03 08:48:38.166', '2026-02-03 08:48:38.166');
INSERT INTO public.company_departments (id, company_id, office_id, parent_id, type, name, sort_order, created_at, updated_at) VALUES ('607cf23d-e9c9-4c5f-9d42-91909714682e', '32f425f2-6658-4718-b887-f49873222fef', NULL, '70bcb61f-0810-421e-8924-6f75b2d14951', 'DEPARTMENT', '電気設計部', 2, '2026-02-03 08:48:38.168', '2026-02-03 08:48:38.168');
INSERT INTO public.company_departments (id, company_id, office_id, parent_id, type, name, sort_order, created_at, updated_at) VALUES ('44be7a09-ea01-4563-9aaf-953d6da19d21', '750b2dee-a74d-4482-9e94-9f717b2a53ef', NULL, NULL, 'DEPARTMENT', 'システム開発部', 1, '2026-02-03 08:48:38.17', '2026-02-03 08:48:38.17');
INSERT INTO public.company_departments (id, company_id, office_id, parent_id, type, name, sort_order, created_at, updated_at) VALUES ('43800451-5b11-4e33-9559-69a75b81f31e', 'ef8ae87d-db22-4f71-80bb-06b92055b39a', NULL, NULL, 'DEPARTMENT', '製品開発部', 1, '2026-02-03 08:48:38.171', '2026-02-03 08:48:38.171');
INSERT INTO public.company_departments (id, company_id, office_id, parent_id, type, name, sort_order, created_at, updated_at) VALUES ('24c7cb57-92c0-4dfc-bb44-493f8e42d453', '9d13bf78-3619-43a4-956a-af38b5671802', NULL, NULL, 'DEPARTMENT', 'ゲーム開発部', 1, '2026-02-03 08:48:38.173', '2026-02-03 08:48:38.173');


ALTER TABLE public.company_departments ENABLE TRIGGER ALL;

--
-- Data for Name: company_contacts; Type: TABLE DATA; Schema: public; Owner: employee_user
--

ALTER TABLE public.company_contacts DISABLE TRIGGER ALL;

INSERT INTO public.company_contacts (id, company_id, department_id, name, name_kana, title, email, phone, mobile, is_primary, remark, created_at, updated_at) VALUES ('3e0a0d1b-84ec-41de-a4b4-c0c55fb3c675', 'cc18e01c-e844-46c6-9d85-776a29971b5e', '217fb5e6-a8a5-45be-9cc5-8269d1108f71', '佐藤 花子', 'サトウ ハナコ', 'インフラ部長', 'sato@techsolutions.example.com', '03-1234-5679', '090-2345-6789', false, NULL, '2026-02-03 07:57:02.442', '2026-02-03 07:57:02.442');
INSERT INTO public.company_contacts (id, company_id, department_id, name, name_kana, title, email, phone, mobile, is_primary, remark, created_at, updated_at) VALUES ('b7257997-6ad4-4e08-ac93-3719aa197b55', '32f425f2-6658-4718-b887-f49873222fef', '5f928942-6a02-48bf-84de-48e955ca2c1f', '田中 美咲', 'タナカ ミサキ', '電気設計部 課長', 'tanaka@global-mfg.example.com', '06-2345-6790', '090-4567-8901', false, NULL, '2026-02-03 07:57:02.442', '2026-02-03 07:57:02.442');
INSERT INTO public.company_contacts (id, company_id, department_id, name, name_kana, title, email, phone, mobile, is_primary, remark, created_at, updated_at) VALUES ('854d3589-7122-47ac-b054-0cbda4ff5056', '750b2dee-a74d-4482-9e94-9f717b2a53ef', '708e0e6f-d382-4fcf-bd5c-5497327ca270', '高橋 健太', 'タカハシ ケンタ', 'システム開発部長', 'takahashi@fintech-jp.example.com', '03-3456-7890', '090-5678-9012', true, NULL, '2026-02-03 07:57:02.442', '2026-02-03 07:57:02.442');
INSERT INTO public.company_contacts (id, company_id, department_id, name, name_kana, title, email, phone, mobile, is_primary, remark, created_at, updated_at) VALUES ('93d044ab-a57e-4212-a43b-2745bfd71c52', '32f425f2-6658-4718-b887-f49873222fef', 'aa556193-ab5b-4cbf-ab3c-c8e961cea644', '鈴木 一郎', 'スズキ イチロウ', '機構設計部長', 'suzuki@global-mfg.example.com', '06-2345-6789', '090-3456-7890', true, NULL, '2026-02-03 07:57:02.442', '2026-02-03 07:57:02.442');
INSERT INTO public.company_contacts (id, company_id, department_id, name, name_kana, title, email, phone, mobile, is_primary, remark, created_at, updated_at) VALUES ('7a0cb78b-b133-4506-a8fd-606b39771c5a', 'ef8ae87d-db22-4f71-80bb-06b92055b39a', 'c624f543-f07b-4155-b59a-cdd5e12bd83d', '伊藤 誠', 'イトウ マコト', '製品開発部 課長', 'ito@medcare-sys.example.com', '052-4567-8902', '090-7890-1234', false, NULL, '2026-02-03 07:57:02.442', '2026-02-03 07:57:02.442');
INSERT INTO public.company_contacts (id, company_id, department_id, name, name_kana, title, email, phone, mobile, is_primary, remark, created_at, updated_at) VALUES ('f7a4a1c9-50c0-416b-8daf-ff7eec0076e3', 'ef8ae87d-db22-4f71-80bb-06b92055b39a', 'c624f543-f07b-4155-b59a-cdd5e12bd83d', '渡辺 由美', 'ワタナベ ユミ', '製品開発部 部長', 'watanabe@medcare-sys.example.com', '052-4567-8901', '090-6789-0123', true, NULL, '2026-02-03 07:57:02.442', '2026-02-03 07:57:02.442');
INSERT INTO public.company_contacts (id, company_id, department_id, name, name_kana, title, email, phone, mobile, is_primary, remark, created_at, updated_at) VALUES ('2158b06e-6562-49f0-8829-8075529eacf7', '9d13bf78-3619-43a4-956a-af38b5671802', 'd1de59bc-5f28-4de1-b834-a220678e492c', '中村 優子', 'ナカムラ ユウコ', 'ゲーム開発部 部長', 'nakamura@entertainment-works.example.com', '03-5678-9012', '090-8901-2345', true, NULL, '2026-02-03 07:57:02.442', '2026-02-03 07:57:02.442');
INSERT INTO public.company_contacts (id, company_id, department_id, name, name_kana, title, email, phone, mobile, is_primary, remark, created_at, updated_at) VALUES ('99ce75f9-7281-40d3-99af-b76189e111c9', '32f425f2-6658-4718-b887-f49873222fef', '607cf23d-e9c9-4c5f-9d42-91909714682e', '田中 美咲', 'タナカ ミサキ', '電気設計部 課長', 'tanaka@global-mfg.example.com', '06-2345-6790', '090-4567-8901', false, NULL, '2026-02-03 08:48:38.175', '2026-02-03 08:48:38.175');
INSERT INTO public.company_contacts (id, company_id, department_id, name, name_kana, title, email, phone, mobile, is_primary, remark, created_at, updated_at) VALUES ('1afcd87d-1c97-4fdc-b832-954b8c4566cc', '750b2dee-a74d-4482-9e94-9f717b2a53ef', '44be7a09-ea01-4563-9aaf-953d6da19d21', '高橋 健太', 'タカハシ ケンタ', 'システム開発部長', 'takahashi@fintech-jp.example.com', '03-3456-7890', '090-5678-9012', true, NULL, '2026-02-03 08:48:38.175', '2026-02-03 08:48:38.175');
INSERT INTO public.company_contacts (id, company_id, department_id, name, name_kana, title, email, phone, mobile, is_primary, remark, created_at, updated_at) VALUES ('0ce7496e-f211-4014-88fe-872b02879f66', 'ef8ae87d-db22-4f71-80bb-06b92055b39a', '43800451-5b11-4e33-9559-69a75b81f31e', '伊藤 誠', 'イトウ マコト', '製品開発部 課長', 'ito@medcare-sys.example.com', '052-4567-8902', '090-7890-1234', false, NULL, '2026-02-03 08:48:38.175', '2026-02-03 08:48:38.175');
INSERT INTO public.company_contacts (id, company_id, department_id, name, name_kana, title, email, phone, mobile, is_primary, remark, created_at, updated_at) VALUES ('9cd66ad9-e385-4d7e-9b2d-3bfbecbcaca8', 'cc18e01c-e844-46c6-9d85-776a29971b5e', '9e2765a4-5416-422d-8317-58174307b24d', '佐藤 花子', 'サトウ ハナコ', 'インフラ部長', 'sato@techsolutions.example.com', '03-1234-5679', '090-2345-6789', false, NULL, '2026-02-03 08:48:38.175', '2026-02-03 08:48:38.175');
INSERT INTO public.company_contacts (id, company_id, department_id, name, name_kana, title, email, phone, mobile, is_primary, remark, created_at, updated_at) VALUES ('c3f2cce8-e31d-4922-a738-7237f7e7a3c1', 'cc18e01c-e844-46c6-9d85-776a29971b5e', '991c69a8-06b8-4d7c-a111-7d9057d77b23', '山田 太郎', 'ヤマダ タロウ', '開発部長', 'yamada@techsolutions.example.com', '03-1234-5678', '090-1234-5678', true, NULL, '2026-02-03 08:48:38.175', '2026-02-03 08:48:38.175');
INSERT INTO public.company_contacts (id, company_id, department_id, name, name_kana, title, email, phone, mobile, is_primary, remark, created_at, updated_at) VALUES ('d5ba7143-3d7e-4b41-9820-da6522333165', 'ef8ae87d-db22-4f71-80bb-06b92055b39a', '43800451-5b11-4e33-9559-69a75b81f31e', '渡辺 由美', 'ワタナベ ユミ', '製品開発部 部長', 'watanabe@medcare-sys.example.com', '052-4567-8901', '090-6789-0123', true, NULL, '2026-02-03 08:48:38.176', '2026-02-03 08:48:38.176');
INSERT INTO public.company_contacts (id, company_id, department_id, name, name_kana, title, email, phone, mobile, is_primary, remark, created_at, updated_at) VALUES ('397c8913-6be8-4209-ab9f-f7793ebfd669', '9d13bf78-3619-43a4-956a-af38b5671802', '24c7cb57-92c0-4dfc-bb44-493f8e42d453', '中村 優子', 'ナカムラ ユウコ', 'ゲーム開発部 部長', 'nakamura@entertainment-works.example.com', '03-5678-9012', '090-8901-2345', true, NULL, '2026-02-03 08:48:38.176', '2026-02-03 08:48:38.176');
INSERT INTO public.company_contacts (id, company_id, department_id, name, name_kana, title, email, phone, mobile, is_primary, remark, created_at, updated_at) VALUES ('85055344-5cb3-426a-b60a-66e9c5d70683', '32f425f2-6658-4718-b887-f49873222fef', 'ea582eb4-2c5f-4860-8912-fcbab7a1c8d4', '鈴木 一郎', 'スズキ イチロウ', '機構設計部長', 'suzuki@global-mfg.example.com', '06-2345-6789', '090-3456-7890', true, NULL, '2026-02-03 08:48:38.176', '2026-02-03 08:48:38.176');
INSERT INTO public.company_contacts (id, company_id, department_id, name, name_kana, title, email, phone, mobile, is_primary, remark, created_at, updated_at) VALUES ('c693c457-93e8-4d83-858d-bb3d7345c554', 'cc18e01c-e844-46c6-9d85-776a29971b5e', 'c1d44aec-7706-4c9d-917e-6c175af94e08', '山田 太郎', 'ヤマダ タロウ', '開発部長', 'yamada@techsolutions.example.com', '03-1234-5678', '090-1234-5678', true, NULL, '2026-02-03 07:57:02.442', '2026-02-03 07:57:02.442');


ALTER TABLE public.company_contacts ENABLE TRIGGER ALL;

--
-- Data for Name: employees; Type: TABLE DATA; Schema: public; Owner: employee_user
--

ALTER TABLE public.employees DISABLE TRIGGER ALL;

INSERT INTO public.employees (id, employee_number, employee_unique_number, full_name, full_name_kana, email, birth_date, gender, contract_type, department, "position", location, country, residence, station, hire_date, contract_end_date, status, remark, photo_url, created_at, updated_at) VALUES ('a84c05f1-3584-4545-9815-9578542f4b52', 'EMP0004', NULL, '田中 美咲', 'タナカ ミサキ', 'tanaka@example.com', '1994-03-18', 'FEMALE', 'CONTRACT', '設計部', '電気設計エンジニア', NULL, NULL, NULL, NULL, '2019-07-01', NULL, 'ACTIVE', NULL, NULL, '2026-02-03 07:57:02.597', '2026-02-03 07:57:02.597');
INSERT INTO public.employees (id, employee_number, employee_unique_number, full_name, full_name_kana, email, birth_date, gender, contract_type, department, "position", location, country, residence, station, hire_date, contract_end_date, status, remark, photo_url, created_at, updated_at) VALUES ('d27b1569-23a5-4eaa-afd3-ef8193d84f1f', 'EMP0003', NULL, '鈴木 健一', 'スズキ ケンイチ', 'suzuki@example.com', '1988-12-05', 'MALE', 'FULL_TIME', '設計部', '機構設計エンジニア', NULL, NULL, NULL, NULL, '2013-04-01', NULL, 'ACTIVE', NULL, NULL, '2026-02-03 07:57:02.597', '2026-02-03 07:57:02.597');
INSERT INTO public.employees (id, employee_number, employee_unique_number, full_name, full_name_kana, email, birth_date, gender, contract_type, department, "position", location, country, residence, station, hire_date, contract_end_date, status, remark, photo_url, created_at, updated_at) VALUES ('24d03682-a4b2-416c-8dbe-cefcce64021d', 'EMP0005', NULL, '高橋 誠', 'タカハシ マコト', 'takahashi@example.com', '1991-07-30', 'MALE', 'FULL_TIME', '開発部', 'フロントエンドエンジニア', NULL, NULL, NULL, NULL, '2016-04-01', NULL, 'ACTIVE', NULL, NULL, '2026-02-03 07:57:02.597', '2026-02-03 07:57:02.597');
INSERT INTO public.employees (id, employee_number, employee_unique_number, full_name, full_name_kana, email, birth_date, gender, contract_type, department, "position", location, country, residence, station, hire_date, contract_end_date, status, remark, photo_url, created_at, updated_at) VALUES ('c731e1e1-0331-48f6-b283-9af1bfd66cc9', 'EMP0006', NULL, '伊藤 由美', 'イトウ ユミ', 'ito@example.com', '1993-11-12', 'FEMALE', 'FULL_TIME', '開発部', 'バックエンドエンジニア', NULL, NULL, NULL, NULL, '2018-04-01', NULL, 'ACTIVE', NULL, NULL, '2026-02-03 07:57:02.597', '2026-02-03 07:57:02.597');
INSERT INTO public.employees (id, employee_number, employee_unique_number, full_name, full_name_kana, email, birth_date, gender, contract_type, department, "position", location, country, residence, station, hire_date, contract_end_date, status, remark, photo_url, created_at, updated_at) VALUES ('616c523b-25d9-4c90-b1e5-2cecb76d8c4f', 'EMP0008', NULL, '中村 優子', 'ナカムラ ユウコ', 'nakamura@example.com', '1989-09-20', 'FEMALE', 'FULL_TIME', '開発部', 'プロジェクトマネージャー', NULL, NULL, NULL, NULL, '2014-04-01', NULL, 'ACTIVE', NULL, NULL, '2026-02-03 07:57:02.598', '2026-02-03 07:57:02.598');
INSERT INTO public.employees (id, employee_number, employee_unique_number, full_name, full_name_kana, email, birth_date, gender, contract_type, department, "position", location, country, residence, station, hire_date, contract_end_date, status, remark, photo_url, created_at, updated_at) VALUES ('99a429be-d6d1-4823-ac9b-af7f3551cc3d', 'EMP0002', NULL, '佐々木 花子', 'ササキ ハナコ', 'sasaki@example.com', '1992-08-22', 'FEMALE', 'FULL_TIME', 'インフラ部', 'インフラエンジニア', NULL, NULL, NULL, NULL, '2017-04-01', NULL, 'ACTIVE', NULL, NULL, '2026-02-03 07:57:02.597', '2026-02-03 07:57:02.597');
INSERT INTO public.employees (id, employee_number, employee_unique_number, full_name, full_name_kana, email, birth_date, gender, contract_type, department, "position", location, country, residence, station, hire_date, contract_end_date, status, remark, photo_url, created_at, updated_at) VALUES ('7b14fe79-25f0-44c6-b2d5-6e7be81f154e', 'EMP0007', NULL, '渡辺 翔太', 'ワタナベ ショウタ', 'watanabe@example.com', '1995-02-28', 'MALE', 'CONTRACT', '開発部', 'ゲームプログラマー', NULL, NULL, NULL, NULL, '2020-10-01', NULL, 'ACTIVE', NULL, NULL, '2026-02-03 07:57:02.597', '2026-02-03 07:57:02.597');
INSERT INTO public.employees (id, employee_number, employee_unique_number, full_name, full_name_kana, email, birth_date, gender, contract_type, department, "position", location, country, residence, station, hire_date, contract_end_date, status, remark, photo_url, created_at, updated_at) VALUES ('7e254612-849e-453d-91bf-9d46ecafd962', '200214', NULL, '髙田 敬子', 'タカタ ケイコ', 'takata@id.aqtor.co.jp', '1972-08-20', 'FEMALE', 'FULL_TIME', '開発２課', '係長', '大阪', '日本', '大阪府門真市', NULL, '2008-02-05', NULL, 'ACTIVE', 'ytソリューションズ
高田', 'Reserved_ImageAttachment_[5]_[Photo][32]_[a027b6c5e7b34041b23e450d8cd2a28a][2]_[13].png', '2026-02-03 09:06:32.674', '2026-02-03 09:06:32.674');
INSERT INTO public.employees (id, employee_number, employee_unique_number, full_name, full_name_kana, email, birth_date, gender, contract_type, department, "position", location, country, residence, station, hire_date, contract_end_date, status, remark, photo_url, created_at, updated_at) VALUES ('f5b0b522-a8ea-4a72-b6ca-b3e19963b359', '200217', NULL, '林口 薫', 'ハヤシグチカオル', 'k.hayashiguchi@id.aqtor.co.jp', '1974-10-13', 'FEMALE', 'FULL_TIME', NULL, '一般', '大阪', '日本', '京都府京都市南区', NULL, '2016-08-16', NULL, 'ACTIVE', '村田機械', 'Reserved_ImageAttachment_[5]_[Photo][32]_[e1a0e6a2051c45d79792d2c5e05dc43f][1]_[2].png', '2026-02-03 09:06:32.772', '2026-02-03 09:06:32.772');
INSERT INTO public.employees (id, employee_number, employee_unique_number, full_name, full_name_kana, email, birth_date, gender, contract_type, department, "position", location, country, residence, station, hire_date, contract_end_date, status, remark, photo_url, created_at, updated_at) VALUES ('8f67f53e-4b25-4c43-b5f7-32babd3ddce6', '200223', NULL, '今度 健二', 'イマドケンジ', 'imado@aqtor.co.jp', '1982-10-05', 'MALE', 'FULL_TIME', '品質検証課', '係長', '大阪', '日本', '兵庫県宝塚市', NULL, '2011-01-31', NULL, 'ACTIVE', '開発室：情報システム担当', 'Reserved_ImageAttachment_[5]_[Photo][32]_[f4d83025790e47018971bd639f3356e2][1]_[2].png', '2026-02-03 09:06:32.791', '2026-02-03 09:06:32.791');
INSERT INTO public.employees (id, employee_number, employee_unique_number, full_name, full_name_kana, email, birth_date, gender, contract_type, department, "position", location, country, residence, station, hire_date, contract_end_date, status, remark, photo_url, created_at, updated_at) VALUES ('eec00e73-876e-4abc-89df-c26eb00f60af', '200245', NULL, '丸岡 浩', 'マルオカコウ', 'maruoka@aqtor.co.jp', '1976-01-16', 'MALE', 'FULL_TIME', '開発２課', '課長', '大阪', '日本', '大阪府大阪市西区', NULL, '2013-03-31', NULL, 'ACTIVE', '受託チーム', 'Reserved_ImageAttachment_[5]_[Photo][32]_[cd0d4e92cdf541da80e7e7f726e75032][1]_[2].png', '2026-02-03 09:06:32.799', '2026-02-03 09:06:32.799');
INSERT INTO public.employees (id, employee_number, employee_unique_number, full_name, full_name_kana, email, birth_date, gender, contract_type, department, "position", location, country, residence, station, hire_date, contract_end_date, status, remark, photo_url, created_at, updated_at) VALUES ('600dd373-af61-481f-839c-85a1c48a654f', '200249', NULL, '打越 貴子', 'ウチコシタカコ', 'uchikoshi@id.aqtor.co.jp', '1979-10-28', 'FEMALE', 'FULL_TIME', NULL, '主任', '大阪', '日本', '京都府八幡市', '樟葉駅', '2010-01-07', '2025-12-30', 'ACTIVE', 'マーブル', 'Reserved_ImageAttachment_[5]_[Photo][32]_[bd6868e43cce4adeafe554253260d6e5][1]_[2].png', '2026-02-03 09:06:32.805', '2026-02-03 09:06:32.805');
INSERT INTO public.employees (id, employee_number, employee_unique_number, full_name, full_name_kana, email, birth_date, gender, contract_type, department, "position", location, country, residence, station, hire_date, contract_end_date, status, remark, photo_url, created_at, updated_at) VALUES ('1c7f69e1-52e0-4365-a4fa-249a078d64a4', '200253', NULL, '南 智康', 'ミナミトモヤス', 'minami@id.aqtor.co.jp', '1987-12-01', 'MALE', 'FULL_TIME', NULL, '一般', '大阪', '日本', '京都府相楽郡笠置町', NULL, '2014-03-02', NULL, 'ACTIVE', '日新システムズ', 'Reserved_ImageAttachment_[5]_[Photo][32]_[901576346e744117bc9206b7f745b6ef][1]_[2].png', '2026-02-03 09:06:32.836', '2026-02-03 09:06:32.836');
INSERT INTO public.employees (id, employee_number, employee_unique_number, full_name, full_name_kana, email, birth_date, gender, contract_type, department, "position", location, country, residence, station, hire_date, contract_end_date, status, remark, photo_url, created_at, updated_at) VALUES ('e572d00f-bed0-4541-ab8a-f2cd1a166ee1', '200255', NULL, '安倉 正史', 'アグラマサシ', 'agura@id.aqtor.co.jp', '1981-08-13', 'MALE', 'FULL_TIME', NULL, '主任', '大阪', '日本', '京都府宇治市', NULL, '2012-08-05', NULL, 'ACTIVE', 'TGL京都', 'Reserved_ImageAttachment_[5]_[Photo][32]_[7eaf5f15e91247e0b212b7fd7a097af0][1]_[3].png', '2026-02-03 09:06:32.854', '2026-02-03 09:06:32.854');
INSERT INTO public.employees (id, employee_number, employee_unique_number, full_name, full_name_kana, email, birth_date, gender, contract_type, department, "position", location, country, residence, station, hire_date, contract_end_date, status, remark, photo_url, created_at, updated_at) VALUES ('deabf606-fb0b-4fae-b04a-12deb056e0f9', '200256', NULL, '高田 泰地', 'タカダタイチ', 't.takada@id.aqtor.co.jp', '1989-01-06', 'MALE', 'FULL_TIME', NULL, '主任', '大阪', '日本', '奈良県天理市', NULL, '2014-11-03', NULL, 'ACTIVE', '受託チーム（アドテック富士）', 'Reserved_ImageAttachment_[5]_[Photo][32]_[d339d86a25544ca69e4e17bed8ca61c8][1]_[4].png', '2026-02-03 09:06:32.869', '2026-02-03 09:06:32.869');
INSERT INTO public.employees (id, employee_number, employee_unique_number, full_name, full_name_kana, email, birth_date, gender, contract_type, department, "position", location, country, residence, station, hire_date, contract_end_date, status, remark, photo_url, created_at, updated_at) VALUES ('7a92b703-13b1-4f40-bc52-325020dd7072', '200274', NULL, '牛津 慶太', 'ウシツケイタ', 'k.ushitsu@id.aqtor.co.jp', '1988-07-24', 'MALE', 'FULL_TIME', NULL, '一般', '大阪', '日本', '兵庫県尼崎市', '塚口駅', '2015-09-07', '2025-12-30', 'ACTIVE', '開発室（社内保守）', 'Reserved_ImageAttachment_[5]_[Photo][32]_[ae4d5942dd57435794786d310eedfeed][1]_[2].png', '2026-02-03 09:06:32.876', '2026-02-03 09:06:32.876');
INSERT INTO public.employees (id, employee_number, employee_unique_number, full_name, full_name_kana, email, birth_date, gender, contract_type, department, "position", location, country, residence, station, hire_date, contract_end_date, status, remark, photo_url, created_at, updated_at) VALUES ('1d5b8824-55be-496a-ade7-df90796782e4', '200278', NULL, '川中 正彦', 'カワナカマサヒコ', 'm.kawanaka@id.aqtor.co.jp', '1973-07-05', 'MALE', 'FULL_TIME', NULL, '係長', '大阪', '日本', '大阪府大阪市都島区', NULL, '2017-07-02', NULL, 'ACTIVE', 'システナ※ダイハツチーム/現チームリーダー', 'Reserved_ImageAttachment_[5]_[Photo][32]_[7a6c48514b27484b9fd50bad107b6dae][1]_[3].png', '2026-02-03 09:06:32.899', '2026-02-03 09:06:32.899');
INSERT INTO public.employees (id, employee_number, employee_unique_number, full_name, full_name_kana, email, birth_date, gender, contract_type, department, "position", location, country, residence, station, hire_date, contract_end_date, status, remark, photo_url, created_at, updated_at) VALUES ('128cbf15-d2e9-42d3-9343-c9ff0b211a03', '200296', NULL, '牧瀬 初', 'マキセハジメ', 'h.makise@id.aqtor.co.jp', '1971-02-07', 'MALE', 'FULL_TIME', NULL, '一般', '大阪', '日本', '兵庫県西宮市', NULL, '2008-09-30', NULL, 'ACTIVE', '現在の現場Skyでの継続を強く志望', 'Reserved_ImageAttachment_[5]_[Photo][32]_[698663740ad74e2880c21e29e407268a][1]_[5].jpeg', '2026-02-03 09:06:32.911', '2026-02-03 09:06:32.911');
INSERT INTO public.employees (id, employee_number, employee_unique_number, full_name, full_name_kana, email, birth_date, gender, contract_type, department, "position", location, country, residence, station, hire_date, contract_end_date, status, remark, photo_url, created_at, updated_at) VALUES ('211c2948-e384-4a51-b4c2-5cfe2b75b685', '200307', NULL, '米村 隼人', 'ヨネムラハヤト', 'h.yonemura@id.aqtor.co.jp', '1978-01-03', 'MALE', 'FULL_TIME', NULL, '一般', '大阪', '日本', '大阪府大阪市城東区', '関目駅', '2013-11-17', '2026-03-19', 'ACTIVE', 'ベリサーブ', 'Reserved_ImageAttachment_[5]_[Photo][32]_[d5273ce11ebc4d9488e4d848fe28570c][1]_[2].png', '2026-02-03 09:06:32.925', '2026-02-03 09:06:32.925');
INSERT INTO public.employees (id, employee_number, employee_unique_number, full_name, full_name_kana, email, birth_date, gender, contract_type, department, "position", location, country, residence, station, hire_date, contract_end_date, status, remark, photo_url, created_at, updated_at) VALUES ('c626e973-2005-483c-8b05-c7e4724aa286', '200308', NULL, '森重 勇樹', 'モリシゲユウキ', NULL, NULL, 'MALE', 'FULL_TIME', NULL, '一般', '大阪', '日本', NULL, NULL, NULL, NULL, 'RESIGNED', NULL, NULL, '2026-02-03 09:06:32.937', '2026-02-03 09:06:32.937');
INSERT INTO public.employees (id, employee_number, employee_unique_number, full_name, full_name_kana, email, birth_date, gender, contract_type, department, "position", location, country, residence, station, hire_date, contract_end_date, status, remark, photo_url, created_at, updated_at) VALUES ('c96fa801-ddff-466d-bf63-3f7b67ef6545', '200311', NULL, '重松 宏美', 'シゲマツヒロミ', NULL, NULL, 'FEMALE', 'FULL_TIME', NULL, '一般', '大阪', '日本', NULL, NULL, NULL, NULL, 'RESIGNED', NULL, NULL, '2026-02-03 09:06:32.942', '2026-02-03 09:06:32.942');
INSERT INTO public.employees (id, employee_number, employee_unique_number, full_name, full_name_kana, email, birth_date, gender, contract_type, department, "position", location, country, residence, station, hire_date, contract_end_date, status, remark, photo_url, created_at, updated_at) VALUES ('b26fdb59-4c1c-437c-8e6d-baddb70bbaed', '200312', NULL, '金森 敦史', 'カナモリアツシ', 'a.kanamori@id.aqtor.co.jp', '1982-07-12', 'MALE', 'FULL_TIME', '開発２課', '係長', '大阪', '日本', '大阪府大阪市平野区', NULL, '2017-10-31', NULL, 'ACTIVE', 'パラミックス', 'Reserved_ImageAttachment_[5]_[Photo][32]_[9770d997b4f8447599b1252008bd4b56][1]_[3].png', '2026-02-03 09:06:32.949', '2026-02-03 09:06:32.949');
INSERT INTO public.employees (id, employee_number, employee_unique_number, full_name, full_name_kana, email, birth_date, gender, contract_type, department, "position", location, country, residence, station, hire_date, contract_end_date, status, remark, photo_url, created_at, updated_at) VALUES ('7a7aff7f-eba9-43a3-92f0-51674662af37', '200313', NULL, '堂田 拓希', 'ドウタヒロキ', 'h.dota@id.aqtor.co.jp', '1993-11-07', 'MALE', 'FULL_TIME', NULL, '一般', '大阪', '日本', '大阪府泉南市', '新家駅', '2018-04-30', '2026-03-30', 'ACTIVE', 'ランドコンピューター', 'Reserved_ImageAttachment_[5]_[Photo][32]_[48faa85c405f4121b03490067aa291c8][1]_[4].png', '2026-02-03 09:06:33.007', '2026-02-03 09:06:33.007');
INSERT INTO public.employees (id, employee_number, employee_unique_number, full_name, full_name_kana, email, birth_date, gender, contract_type, department, "position", location, country, residence, station, hire_date, contract_end_date, status, remark, photo_url, created_at, updated_at) VALUES ('1c4e993f-84e0-4a7c-a74b-c52d02055703', '200321', NULL, '溝口 浩一', 'ミゾグチコウイチ', 'k.mizoguchi@id.aqtor.co.jp', '1991-02-16', 'MALE', 'FULL_TIME', NULL, '一般', '大阪', '日本', '大阪府大阪市西成区', '北助松駅', '2018-02-06', '2026-03-30', 'ACTIVE', 'Nexcoシステムソリューションズ', 'Reserved_ImageAttachment_[5]_[Photo][32]_[62d6d3c24caf4910b1eacf208e2c2feb][1]_[2].png', '2026-02-03 09:06:33.022', '2026-02-03 09:06:33.022');
INSERT INTO public.employees (id, employee_number, employee_unique_number, full_name, full_name_kana, email, birth_date, gender, contract_type, department, "position", location, country, residence, station, hire_date, contract_end_date, status, remark, photo_url, created_at, updated_at) VALUES ('032caa2d-16da-48fc-971e-3a66b5c3cdf7', '200322', NULL, '水野 達紀', 'ミズノタツキ', 't.mizuno@id.aqtor.co.jp', '1985-05-01', 'MALE', 'FULL_TIME', NULL, '一般', '大阪', '日本', '兵庫県尼崎市', NULL, '2018-02-18', NULL, 'ACTIVE', NULL, 'Reserved_ImageAttachment_[5]_[Photo][32]_[80af9616aeff486a8b9c409642f41afe][1]_[2].png', '2026-02-03 09:06:33.035', '2026-02-03 09:06:33.035');
INSERT INTO public.employees (id, employee_number, employee_unique_number, full_name, full_name_kana, email, birth_date, gender, contract_type, department, "position", location, country, residence, station, hire_date, contract_end_date, status, remark, photo_url, created_at, updated_at) VALUES ('97d7b3ee-ea28-46f8-ac5c-44b3266dd583', '200329', NULL, '村上 佳祐', 'ムラカミケイスケ', 'k.murakami@id.aqtor.co.jp', '1990-09-27', 'MALE', 'FULL_TIME', NULL, '一般', '大阪', '日本', '大阪府大阪市住之江区', 'ポートタウン西駅', '2018-12-19', '2026-03-19', 'ACTIVE', 'ベリサーブ', 'Reserved_ImageAttachment_[5]_[Photo][32]_[d1e7ff6af17d456987680020cb0fb9c7][1]_[4].png', '2026-02-03 09:06:33.043', '2026-02-03 09:06:33.043');
INSERT INTO public.employees (id, employee_number, employee_unique_number, full_name, full_name_kana, email, birth_date, gender, contract_type, department, "position", location, country, residence, station, hire_date, contract_end_date, status, remark, photo_url, created_at, updated_at) VALUES ('398b4369-a6d1-4f0a-94d5-11d534aa8ada', '200331', NULL, '木下 真志', 'キノシタシンジ', 's.kinoshita@id.aqtor.co.jp', '1992-05-15', 'MALE', 'FULL_TIME', '開発１課', '主任', '大阪', '日本', '大阪府大東市', NULL, '2019-03-31', NULL, 'ACTIVE', 'TGL京都　※リーダー', 'Reserved_ImageAttachment_[5]_[Photo][32]_[e0e3f3d210914530a934b88f86a4d27e][1]_[4].png', '2026-02-03 09:06:33.054', '2026-02-03 09:06:33.054');
INSERT INTO public.employees (id, employee_number, employee_unique_number, full_name, full_name_kana, email, birth_date, gender, contract_type, department, "position", location, country, residence, station, hire_date, contract_end_date, status, remark, photo_url, created_at, updated_at) VALUES ('de8d1c36-b52b-43af-8631-f9572c8a224c', '200335', NULL, '野久保 拓朗', 'ノクボタクロウ', 't.nokubo@id.aqtor.co.jp', '1997-02-19', 'MALE', 'FULL_TIME', NULL, '主任', '大阪', '日本', '大阪府吹田市', NULL, '2019-03-31', NULL, 'ACTIVE', 'TGL京都　※サブリーダー', 'Reserved_ImageAttachment_[5]_[Photo][32]_[5f5b826151f9443b9a7a26dd703ccaca][1]_[3].png', '2026-02-03 09:06:33.067', '2026-02-03 09:06:33.067');
INSERT INTO public.employees (id, employee_number, employee_unique_number, full_name, full_name_kana, email, birth_date, gender, contract_type, department, "position", location, country, residence, station, hire_date, contract_end_date, status, remark, photo_url, created_at, updated_at) VALUES ('034e63e3-505f-49f9-a5f1-e15e1b102625', '200338', NULL, '林 順一郎', 'ハヤシジュンイチロウ', 'j.hayashi@aqtor.co.jp', '1969-07-25', 'MALE', 'FULL_TIME', NULL, '一般', '大阪', '日本', '京都府京都市中京区', NULL, '2019-07-07', NULL, 'ACTIVE', 'バンタンゲームアカデミー、KADOKAWAドワンゴ情報工科学院', 'Reserved_ImageAttachment_[5]_[Photo][32]_[de5848740e88495981d99f1897219eb1][1]_[2].png', '2026-02-03 09:06:33.099', '2026-02-03 09:06:33.099');
INSERT INTO public.employees (id, employee_number, employee_unique_number, full_name, full_name_kana, email, birth_date, gender, contract_type, department, "position", location, country, residence, station, hire_date, contract_end_date, status, remark, photo_url, created_at, updated_at) VALUES ('edb352ce-f802-48e0-847c-277a6b6b2338', '200342', NULL, '新垣 沙希', 'シンガキサキ', 's.shingaki@id.aqtor.co.jp', '1988-11-10', 'FEMALE', 'FULL_TIME', NULL, '一般', '大阪', '日本', '大阪府高槻市', NULL, '2019-06-30', NULL, 'ACTIVE', 'システナ※ダイハツチーム', 'Reserved_ImageAttachment_[5]_[Photo][32]_[93e62f51225b4e779821ddd1a2118f0c][1]_[2].png', '2026-02-03 09:06:33.111', '2026-02-03 09:06:33.111');
INSERT INTO public.employees (id, employee_number, employee_unique_number, full_name, full_name_kana, email, birth_date, gender, contract_type, department, "position", location, country, residence, station, hire_date, contract_end_date, status, remark, photo_url, created_at, updated_at) VALUES ('b14f2c42-53a7-416c-8316-bc9f75ef1d43', '200343', NULL, '三好 昌美', 'ミヨシマサミ', 'm.miyoshi@id.aqtor.co.jp', '1974-12-03', 'FEMALE', 'FULL_TIME', NULL, '一般', '大阪', '日本', '大阪府東大阪市', '鴻池新田駅', '2019-06-30', '2026-02-27', 'ACTIVE', '日本システム技術', 'Reserved_ImageAttachment_[5]_[Photo][32]_[d18dd94059104d08804aabfd5dcaf821][1]_[2].png', '2026-02-03 09:06:33.123', '2026-02-03 09:06:33.123');
INSERT INTO public.employees (id, employee_number, employee_unique_number, full_name, full_name_kana, email, birth_date, gender, contract_type, department, "position", location, country, residence, station, hire_date, contract_end_date, status, remark, photo_url, created_at, updated_at) VALUES ('702bce52-aab1-4549-b411-332c55711ad8', '200349', NULL, '渡辺 佑介', 'ワタナベユウスケ', 'y.watanabe@id.aqtor.co.jp', '1988-11-07', 'MALE', 'FULL_TIME', NULL, '主任', '大阪', '日本', '大阪府大阪市東淀川区', NULL, '2018-10-24', NULL, 'ACTIVE', 'システナ※キーエンスチーム', 'Reserved_ImageAttachment_[5]_[Photo][32]_[81298ce895e14e75bb0c2a1cf706b08d][1]_[3].png', '2026-02-03 09:06:33.139', '2026-02-03 09:06:33.139');
INSERT INTO public.employees (id, employee_number, employee_unique_number, full_name, full_name_kana, email, birth_date, gender, contract_type, department, "position", location, country, residence, station, hire_date, contract_end_date, status, remark, photo_url, created_at, updated_at) VALUES ('166a7938-0218-4b8f-aae1-735c9fa5bb5a', '200351', NULL, '山中 彬', 'ヤマナカアキラ', 'a.yamanaka@id.aqtor.co.jp', '1990-06-30', 'MALE', 'FULL_TIME', NULL, '一般', '大阪', '日本', '大阪府豊中市', NULL, '2019-03-31', NULL, 'ACTIVE', 'アルカディアシステムズ※現チームリーダー', 'Reserved_ImageAttachment_[5]_[Photo][32]_[2096754aa2314f6f801dca48895b2fa9][1]_[2].png', '2026-02-03 09:06:33.149', '2026-02-03 09:06:33.149');
INSERT INTO public.employees (id, employee_number, employee_unique_number, full_name, full_name_kana, email, birth_date, gender, contract_type, department, "position", location, country, residence, station, hire_date, contract_end_date, status, remark, photo_url, created_at, updated_at) VALUES ('e810a2e7-6b7e-414d-8c02-e4df808deedb', '200353', NULL, '平井 真弓', 'ヒライマユミ', 'm.hirai@id.aqtor.co.jp', '1987-11-14', 'FEMALE', 'FULL_TIME', NULL, '一般', '大阪', '日本', '大阪府豊中市', NULL, '2019-09-30', NULL, 'ACTIVE', '休職中', 'Reserved_ImageAttachment_[5]_[Photo][32]_[732c19bf11c248f48201eec06d58c1dd][1]_[2].png', '2026-02-03 09:06:33.166', '2026-02-03 09:06:33.166');
INSERT INTO public.employees (id, employee_number, employee_unique_number, full_name, full_name_kana, email, birth_date, gender, contract_type, department, "position", location, country, residence, station, hire_date, contract_end_date, status, remark, photo_url, created_at, updated_at) VALUES ('42184eaf-9a34-4549-b68e-b7f12df36f05', '200358', NULL, '鳥羽 美南', 'トバミナミ', 'm.toba@id.aqtor.co.jp', '1995-07-10', 'FEMALE', 'FULL_TIME', NULL, '主任', '大阪', '日本', '京都府京田辺市', NULL, '2019-10-31', NULL, 'ACTIVE', 'リモートにてアドテック富士案件
鳥羽、静養中
2025年10月5日現在、鬱で自宅研修中（これまで3回発症歴有）', 'Reserved_ImageAttachment_[5]_[Photo][32]_[cc7644e34d31418b80b0f78a51dded26][1]_[6].png', '2026-02-03 09:06:33.186', '2026-02-03 09:06:33.186');
INSERT INTO public.employees (id, employee_number, employee_unique_number, full_name, full_name_kana, email, birth_date, gender, contract_type, department, "position", location, country, residence, station, hire_date, contract_end_date, status, remark, photo_url, created_at, updated_at) VALUES ('b6272dfc-d4ff-42ad-8dac-bfc886fd9020', '200360', NULL, '山本 修一', 'ヤマモトシュウイチ', NULL, NULL, 'MALE', 'FULL_TIME', NULL, '一般', '大阪', '日本', NULL, NULL, NULL, NULL, 'RESIGNED', NULL, NULL, '2026-02-03 09:06:33.197', '2026-02-03 09:06:33.197');
INSERT INTO public.employees (id, employee_number, employee_unique_number, full_name, full_name_kana, email, birth_date, gender, contract_type, department, "position", location, country, residence, station, hire_date, contract_end_date, status, remark, photo_url, created_at, updated_at) VALUES ('7e717c23-40bc-4772-ace9-175dc6204fa1', '200366', NULL, '山下 拓人', 'ヤマシタタクト', 't.yamashita@id.aqtor.co.jp', '1994-07-16', 'MALE', 'FULL_TIME', NULL, '一般', '大阪', '日本', '大阪府吹田市', NULL, '2020-04-12', NULL, 'ACTIVE', 'MESW伊丹', 'Reserved_ImageAttachment_[5]_[Photo][32]_[087df3f7978e4cadb582d58e420a35ca][1]_[2].png', '2026-02-03 09:06:33.204', '2026-02-03 09:06:33.204');
INSERT INTO public.employees (id, employee_number, employee_unique_number, full_name, full_name_kana, email, birth_date, gender, contract_type, department, "position", location, country, residence, station, hire_date, contract_end_date, status, remark, photo_url, created_at, updated_at) VALUES ('d0cf4c53-9b4c-4c46-9b29-fc342438792d', '200372', NULL, '已波 桂子', 'ミナミケイコ', 'k.minami@id.aqtor.co.jp', '1984-11-01', 'FEMALE', 'FULL_TIME', NULL, '一般', '大阪', '日本', '奈良県奈良市', NULL, '2020-08-02', NULL, 'ACTIVE', 'TGL京都', 'Reserved_ImageAttachment_[5]_[Photo][32]_[fca3d37830c44a1eaa71b3eb0a33139e][1]_[2].png', '2026-02-03 09:06:33.23', '2026-02-03 09:06:33.23');
INSERT INTO public.employees (id, employee_number, employee_unique_number, full_name, full_name_kana, email, birth_date, gender, contract_type, department, "position", location, country, residence, station, hire_date, contract_end_date, status, remark, photo_url, created_at, updated_at) VALUES ('3f84fc2c-531d-48b1-9389-669893d0b7c3', '200373', NULL, '田邉 千尋', 'タナベチヒロ', 'c.tanabe@id.aqtor.co.jp', '1993-07-21', 'FEMALE', 'FULL_TIME', NULL, '一般', '大阪', '日本', '大阪府堺市南区', NULL, '2020-11-30', NULL, 'ACTIVE', 'システナ※ダイハツチーム', 'Reserved_ImageAttachment_[5]_[Photo][32]_[b7dc6bd0ebb34bfaa87e63053de8c8b1][1]_[3].png', '2026-02-03 09:06:33.248', '2026-02-03 09:06:33.248');
INSERT INTO public.employees (id, employee_number, employee_unique_number, full_name, full_name_kana, email, birth_date, gender, contract_type, department, "position", location, country, residence, station, hire_date, contract_end_date, status, remark, photo_url, created_at, updated_at) VALUES ('6b733214-3983-47cc-b5a3-9e8a07021f8c', '200374', NULL, '早川 拓磨', 'ハヤカワタクマ', 't.hayakawa@id.aqtor.co.jp', '1992-11-19', 'MALE', 'FULL_TIME', NULL, '一般', '大阪', '日本', '大阪府大阪市旭区', NULL, '2020-11-30', NULL, 'ACTIVE', 'Ytソリューションズ', 'Reserved_ImageAttachment_[5]_[Photo][32]_[6a42e6bc10f84969b61bd71abf692aa6][1]_[2].png', '2026-02-03 09:06:33.263', '2026-02-03 09:06:33.263');
INSERT INTO public.employees (id, employee_number, employee_unique_number, full_name, full_name_kana, email, birth_date, gender, contract_type, department, "position", location, country, residence, station, hire_date, contract_end_date, status, remark, photo_url, created_at, updated_at) VALUES ('4281a028-06cf-4c7f-a761-4311ccd56cc9', '200375', NULL, '安部 将史', 'アベマサシ', NULL, NULL, 'MALE', 'FULL_TIME', NULL, '一般', '大阪', '日本', NULL, NULL, NULL, NULL, 'RESIGNED', NULL, NULL, '2026-02-03 09:06:33.295', '2026-02-03 09:06:33.295');
INSERT INTO public.employees (id, employee_number, employee_unique_number, full_name, full_name_kana, email, birth_date, gender, contract_type, department, "position", location, country, residence, station, hire_date, contract_end_date, status, remark, photo_url, created_at, updated_at) VALUES ('ca45f4a1-6c8b-4a63-8733-dd30a68f56a0', '200378', NULL, '水流 裕太', 'ツルユウタ', 'y.tsuru@id.aqtor.co.jp', '2002-06-30', 'MALE', 'FULL_TIME', NULL, '主任', '大阪', '日本', '大阪府東大阪市', NULL, '2021-04-04', NULL, 'ACTIVE', '開発室（丸三タカギ）', 'Reserved_ImageAttachment_[5]_[Photo][32]_[9612dad8ed9a4490bd31d4462dc0225d][1]_[5].png', '2026-02-03 09:06:33.301', '2026-02-03 09:06:33.301');
INSERT INTO public.employees (id, employee_number, employee_unique_number, full_name, full_name_kana, email, birth_date, gender, contract_type, department, "position", location, country, residence, station, hire_date, contract_end_date, status, remark, photo_url, created_at, updated_at) VALUES ('9079b0e9-c698-413c-852d-9092f898378a', '200379', NULL, '西村 隆生', 'ニシムラリュウセイ', NULL, NULL, 'MALE', 'FULL_TIME', NULL, '一般', '大阪', '日本', NULL, NULL, NULL, NULL, 'RESIGNED', NULL, NULL, '2026-02-03 09:06:33.32', '2026-02-03 09:06:33.32');
INSERT INTO public.employees (id, employee_number, employee_unique_number, full_name, full_name_kana, email, birth_date, gender, contract_type, department, "position", location, country, residence, station, hire_date, contract_end_date, status, remark, photo_url, created_at, updated_at) VALUES ('b8df5666-7577-4a53-a7f1-ea07e98efbf8', '200382', NULL, '渡邉 絆', 'ワタナベキズナ', 'k.watanabe@aqtor.co.jp', '1997-01-11', 'MALE', 'FULL_TIME', '開発２課', '主任', '大阪', '日本', '大阪府大阪市城東区', NULL, '2021-04-04', NULL, 'ACTIVE', '受託チーム（アドテック富士）', 'Reserved_ImageAttachment_[5]_[Photo][32]_[9c2fdf1891ca4f7e8883b693e399a099][1]_[2].png', '2026-02-03 09:06:33.326', '2026-02-03 09:06:33.326');
INSERT INTO public.employees (id, employee_number, employee_unique_number, full_name, full_name_kana, email, birth_date, gender, contract_type, department, "position", location, country, residence, station, hire_date, contract_end_date, status, remark, photo_url, created_at, updated_at) VALUES ('ffaa4eff-f12d-4454-8c4e-25122b67bc54', '200392', NULL, '河村 慶', 'カワムラケイ', 'k.kawamura@id.aqtor.co.jp', '2003-04-28', 'MALE', 'FULL_TIME', NULL, '一般', '大阪', '日本', '兵庫県神戸市西区', NULL, '2022-04-03', NULL, 'ACTIVE', 'MESW神戸', 'Reserved_ImageAttachment_[5]_[Photo][32]_[d7023adb6d4743e1908e71364c1f91ac][1]_[2].png', '2026-02-03 09:06:33.332', '2026-02-03 09:06:33.332');
INSERT INTO public.employees (id, employee_number, employee_unique_number, full_name, full_name_kana, email, birth_date, gender, contract_type, department, "position", location, country, residence, station, hire_date, contract_end_date, status, remark, photo_url, created_at, updated_at) VALUES ('d967f7b1-d054-4ef6-b22d-e5ea342f48b8', '200394', NULL, '堀川 亮丞', 'ホリカワリョウスケ', NULL, NULL, 'MALE', 'FULL_TIME', NULL, '一般', '大阪', '日本', NULL, NULL, NULL, NULL, 'RESIGNED', NULL, NULL, '2026-02-03 09:06:33.355', '2026-02-03 09:06:33.355');
INSERT INTO public.employees (id, employee_number, employee_unique_number, full_name, full_name_kana, email, birth_date, gender, contract_type, department, "position", location, country, residence, station, hire_date, contract_end_date, status, remark, photo_url, created_at, updated_at) VALUES ('a4f50a9d-1bfe-430c-b813-8ef16f823112', '200403', NULL, '岩井 瑛斗', 'イワイアキト', 'a.iwai@id.aqtor.co.jp', '2000-09-17', 'MALE', 'FULL_TIME', '開発２課', '一般', '大阪', '日本', '兵庫県尼崎市', NULL, '2023-04-02', NULL, 'ACTIVE', '受託チーム（丸三タカギ）', 'Reserved_ImageAttachment_[5]_[Photo][32]_[b785042e40174cbab84189bba6ed8e08][1]_[2].png', '2026-02-03 09:06:33.361', '2026-02-03 09:06:33.361');
INSERT INTO public.employees (id, employee_number, employee_unique_number, full_name, full_name_kana, email, birth_date, gender, contract_type, department, "position", location, country, residence, station, hire_date, contract_end_date, status, remark, photo_url, created_at, updated_at) VALUES ('5e4a5589-6920-41dd-96e6-417fcad59f4d', '200405', NULL, '吉祥 忠芳', 'キッショウタダヨシ', 't.kissho@id.aqtor.co.jp', '1981-09-01', 'MALE', 'FULL_TIME', NULL, '一般', '大阪', '日本', '兵庫県神戸市垂水区', NULL, '2017-08-31', NULL, 'ACTIVE', '古野電気', 'Reserved_ImageAttachment_[5]_[Photo][32]_[c7dfb6a8dc184aecb1ada3c0e1a4ba85][1]_[2].png', '2026-02-03 09:06:33.366', '2026-02-03 09:06:33.366');
INSERT INTO public.employees (id, employee_number, employee_unique_number, full_name, full_name_kana, email, birth_date, gender, contract_type, department, "position", location, country, residence, station, hire_date, contract_end_date, status, remark, photo_url, created_at, updated_at) VALUES ('3239e476-4c14-45a8-b9d6-53f09ff56f6a', '200406', NULL, 'コイララ サンジブ', 'コイララサンジブ', NULL, NULL, 'MALE', 'FULL_TIME', NULL, '一般', '大阪', '日本', NULL, NULL, NULL, NULL, 'RESIGNED', NULL, NULL, '2026-02-03 09:06:33.387', '2026-02-03 09:06:33.387');
INSERT INTO public.employees (id, employee_number, employee_unique_number, full_name, full_name_kana, email, birth_date, gender, contract_type, department, "position", location, country, residence, station, hire_date, contract_end_date, status, remark, photo_url, created_at, updated_at) VALUES ('2e9b7057-a985-4f09-8756-ac426601b63b', '200407', NULL, '椎名 竜大', 'シイナリュウタ', 'r.shiina@id.aqtor.co.jp', '1992-12-17', 'MALE', 'FULL_TIME', NULL, '一般', '大阪', '日本', '大阪府大阪市西淀川区', 'JR東西線　御幣島駅', '2019-01-06', '2026-02-27', 'ACTIVE', 'JAST　EdgeView案件', 'Reserved_ImageAttachment_[5]_[Photo][32]_[e9f39a96b0bf4bcd84815076b1701900][1]_[3].png', '2026-02-03 09:06:33.394', '2026-02-03 09:06:33.394');
INSERT INTO public.employees (id, employee_number, employee_unique_number, full_name, full_name_kana, email, birth_date, gender, contract_type, department, "position", location, country, residence, station, hire_date, contract_end_date, status, remark, photo_url, created_at, updated_at) VALUES ('7cb2f0f6-41df-4ead-9882-3685dd292605', '200408', NULL, 'ジョルディ ジョナタン ハリム', 'ジョルディ ジョナタン ハリム', 'h.jordy@id.aqtor.co.jp', '1998-07-06', 'MALE', 'FULL_TIME', NULL, '主任', '大阪', 'インドネシア', '大阪府大阪市淀川区', NULL, '2023-04-02', NULL, 'ACTIVE', 'MESW横浜', 'Reserved_ImageAttachment_[5]_[Photo][32]_[a39ef27f388d4331a653629f9658ad02][1]_[2].png', '2026-02-03 09:06:33.408', '2026-02-03 09:06:33.408');
INSERT INTO public.employees (id, employee_number, employee_unique_number, full_name, full_name_kana, email, birth_date, gender, contract_type, department, "position", location, country, residence, station, hire_date, contract_end_date, status, remark, photo_url, created_at, updated_at) VALUES ('6e64659b-5599-464a-903e-6f9313ca9a2c', '200409', NULL, 'チューギン', 'チューギン', 'i.chugin@aqtor.co.jp', '1994-11-29', 'MALE', 'FULL_TIME', '開発２課', '一般', '大阪', 'ロシア', '兵庫県神戸市兵庫区', NULL, '2021-07-04', NULL, 'ACTIVE', '受託チーム（アドテック富士）
チューギン　イリヤ', 'Reserved_ImageAttachment_[5]_[Photo][32]_[c0cbea88086342089971ec3f9142ee35][1]_[2].png', '2026-02-03 09:06:33.437', '2026-02-03 09:06:33.437');
INSERT INTO public.employees (id, employee_number, employee_unique_number, full_name, full_name_kana, email, birth_date, gender, contract_type, department, "position", location, country, residence, station, hire_date, contract_end_date, status, remark, photo_url, created_at, updated_at) VALUES ('a5e75098-2ef3-475a-a5df-3d108de4ff9a', '200411', NULL, '西川 和彦', 'ニシカワカズヒコ', 'k.nishikawa@id.aqtor.co.jp', '1992-04-25', 'MALE', 'FULL_TIME', NULL, '一般', '大阪', '日本', '大阪府堺市中区', NULL, '2023-04-02', NULL, 'ACTIVE', 'Ytソリューションズ', 'Reserved_ImageAttachment_[5]_[Photo][32]_[3fbbaf368e394bd28db051b5f57908d8][1]_[4].png', '2026-02-03 09:06:33.445', '2026-02-03 09:06:33.445');
INSERT INTO public.employees (id, employee_number, employee_unique_number, full_name, full_name_kana, email, birth_date, gender, contract_type, department, "position", location, country, residence, station, hire_date, contract_end_date, status, remark, photo_url, created_at, updated_at) VALUES ('655b7127-df4c-44db-bc04-9ac887e97f68', '200412', NULL, '藤戸 夏海', 'フジトカイ', 'k.fujito@id.aqtor.co.jp', '2001-07-06', 'MALE', 'FULL_TIME', NULL, '一般', '大阪', '日本', '大阪府大阪市都島区', '京橋駅', '2023-04-02', '2025-12-30', 'ACTIVE', 'ランドコンピューター', 'Reserved_ImageAttachment_[5]_[Photo][32]_[021f9e04fafb48afb9cd04dbd4cca5c7][1]_[2].png', '2026-02-03 09:06:33.456', '2026-02-03 09:06:33.456');
INSERT INTO public.employees (id, employee_number, employee_unique_number, full_name, full_name_kana, email, birth_date, gender, contract_type, department, "position", location, country, residence, station, hire_date, contract_end_date, status, remark, photo_url, created_at, updated_at) VALUES ('801331be-fd9e-492e-97cb-88f1883376cc', '200413', NULL, '藤原 隆志', 'フジワラタカシ', 't.fujiwara@id.aqtor.co.jp', '1989-12-10', 'MALE', 'FULL_TIME', NULL, '一般', '大阪', '日本', '兵庫県加古郡稲美町', NULL, '2020-03-31', NULL, 'ACTIVE', 'MESW神戸', 'Reserved_ImageAttachment_[5]_[Photo][32]_[04a0df9df0fb4bafa3ae8ab7a36b996e][1]_[4].png', '2026-02-03 09:06:33.476', '2026-02-03 09:06:33.476');
INSERT INTO public.employees (id, employee_number, employee_unique_number, full_name, full_name_kana, email, birth_date, gender, contract_type, department, "position", location, country, residence, station, hire_date, contract_end_date, status, remark, photo_url, created_at, updated_at) VALUES ('9f6c79cb-ac49-4b36-afcb-1ae339188d34', '200415', NULL, '藤岡 駿允', 'フジオカハヤト', 'h.fujioka@id.aqtor.co.jp', '2000-10-23', 'MALE', 'FULL_TIME', NULL, '一般', '大阪', '日本', '兵庫県神戸市西区', NULL, '2023-04-02', NULL, 'ACTIVE', 'MESW神戸', 'Reserved_ImageAttachment_[5]_[Photo][32]_[439bf6940ab04c6ba64a8c62b005349e][1]_[2].png', '2026-02-03 09:06:33.5', '2026-02-03 09:06:33.5');
INSERT INTO public.employees (id, employee_number, employee_unique_number, full_name, full_name_kana, email, birth_date, gender, contract_type, department, "position", location, country, residence, station, hire_date, contract_end_date, status, remark, photo_url, created_at, updated_at) VALUES ('5d18fa76-f580-440a-8810-00fa8a7a705f', '200425', NULL, '笠井正智', 'カサイマサトモ', 'm.kasai@id.aqtor.co.jp', NULL, 'MALE', 'FULL_TIME', NULL, '一般', '大阪', '日本', NULL, NULL, NULL, NULL, 'RESIGNED', NULL, NULL, '2026-02-03 09:06:33.529', '2026-02-03 09:06:33.529');
INSERT INTO public.employees (id, employee_number, employee_unique_number, full_name, full_name_kana, email, birth_date, gender, contract_type, department, "position", location, country, residence, station, hire_date, contract_end_date, status, remark, photo_url, created_at, updated_at) VALUES ('bf146eae-72c8-4229-846a-69aaae208bfb', '500545', NULL, '大谷広志', 'オオタニコウジ', 'k.ohtani@id.aqtor.co.jp', NULL, 'MALE', 'CONTRACT', NULL, '一般', '大阪', '日本', NULL, NULL, NULL, NULL, 'ACTIVE', NULL, 'Reserved_ImageAttachment_[5]_[Photo][32]_[fd5a7c7a6715462ab2573f9ab0e46166][1]_[6].png', '2026-02-03 09:06:33.534', '2026-02-03 09:06:33.534');
INSERT INTO public.employees (id, employee_number, employee_unique_number, full_name, full_name_kana, email, birth_date, gender, contract_type, department, "position", location, country, residence, station, hire_date, contract_end_date, status, remark, photo_url, created_at, updated_at) VALUES ('fb52ab5f-6aab-4688-aa83-75fd81518626', '500621', NULL, '田村 彰浩', 'タムラアキヒロ', NULL, NULL, 'MALE', 'CONTRACT', NULL, '一般', '大阪', '日本', NULL, NULL, NULL, NULL, 'RESIGNED', NULL, NULL, '2026-02-03 09:06:33.538', '2026-02-03 09:06:33.538');
INSERT INTO public.employees (id, employee_number, employee_unique_number, full_name, full_name_kana, email, birth_date, gender, contract_type, department, "position", location, country, residence, station, hire_date, contract_end_date, status, remark, photo_url, created_at, updated_at) VALUES ('73a494dd-442d-4695-b363-0f0cbff670eb', '500646', NULL, '山口 博幸', 'ヤマグチヒロユキ', 'h.yamaguchi@id.aqtor.co.jp', '1969-09-10', 'MALE', 'CONTRACT', NULL, '一般', '大阪', '日本', '大阪府大阪市城東区', '鴫野駅', '2018-04-23', '2026-03-30', 'ACTIVE', 'Nexcoシステムソリューションズ', 'Reserved_ImageAttachment_[5]_[Photo][32]_[53bde1251aba4d37b11125813cc75ad3][1]_[2].png', '2026-02-03 09:06:33.545', '2026-02-03 09:06:33.545');
INSERT INTO public.employees (id, employee_number, employee_unique_number, full_name, full_name_kana, email, birth_date, gender, contract_type, department, "position", location, country, residence, station, hire_date, contract_end_date, status, remark, photo_url, created_at, updated_at) VALUES ('23f2df85-013a-400d-b829-6813b471117c', '500776', NULL, '髙木滉太', 'タカギコウタ', NULL, NULL, 'MALE', 'CONTRACT', NULL, '一般', '大阪', '日本', NULL, NULL, NULL, NULL, 'RESIGNED', NULL, NULL, '2026-02-03 09:06:33.581', '2026-02-03 09:06:33.581');
INSERT INTO public.employees (id, employee_number, employee_unique_number, full_name, full_name_kana, email, birth_date, gender, contract_type, department, "position", location, country, residence, station, hire_date, contract_end_date, status, remark, photo_url, created_at, updated_at) VALUES ('698bb63e-9f23-42c5-8d8f-9e8b43dd8328', '200426', NULL, '河元 裕作', 'カワモトユウサク', 'y.kawamoto@aqtor.co.jp', '1967-11-26', 'MALE', 'FULL_TIME', '開発１課', '課長', '大阪', '日本', '大阪府堺市中区', '上野芝駅', '2023-01-03', NULL, 'ACTIVE', '開発室', 'Reserved_ImageAttachment_[5]_[Photo][32]_[76b9f88f1a9a45529b8d785fcd244919][2]_[27].jpeg', '2026-02-03 09:06:33.587', '2026-02-03 09:06:33.587');
INSERT INTO public.employees (id, employee_number, employee_unique_number, full_name, full_name_kana, email, birth_date, gender, contract_type, department, "position", location, country, residence, station, hire_date, contract_end_date, status, remark, photo_url, created_at, updated_at) VALUES ('0c697a40-3860-432d-abfd-809b125e4c2b', '500809', NULL, '中 慶太', 'ナカケイタ', 'k.naka@id.aqtor.co.jp', '1962-05-01', 'MALE', 'CONTRACT', '開発１課', '一般', '大阪', '日本', '大阪府大阪市都島区', 'JR おおさか東線 城北公園通駅', '2023-01-31', '2025-12-23', 'ACTIVE', 'アイ・エス・ビー(ISB)', 'Reserved_ImageAttachment_[5]_[Photo][32]_[7638265e67a3419fab48358c3258d80c][1]_[2].png', '2026-02-03 09:06:33.604', '2026-02-03 09:06:33.604');
INSERT INTO public.employees (id, employee_number, employee_unique_number, full_name, full_name_kana, email, birth_date, gender, contract_type, department, "position", location, country, residence, station, hire_date, contract_end_date, status, remark, photo_url, created_at, updated_at) VALUES ('17b600af-474e-4018-b09c-c0ccc881b4a5', '500812', NULL, '鼻岡 廉人', 'ハナオカレント', NULL, NULL, 'MALE', 'CONTRACT', NULL, '一般', '大阪', '日本', NULL, NULL, NULL, NULL, 'RESIGNED', NULL, NULL, '2026-02-03 09:06:33.688', '2026-02-03 09:06:33.688');
INSERT INTO public.employees (id, employee_number, employee_unique_number, full_name, full_name_kana, email, birth_date, gender, contract_type, department, "position", location, country, residence, station, hire_date, contract_end_date, status, remark, photo_url, created_at, updated_at) VALUES ('bb8a1bc9-1ce3-400e-a09e-a64b9b290146', '200431', NULL, 'ゴーミス', 'ゴーミス', 'j.gomis@aqtor.co.jp', '1991-03-29', 'MALE', 'FULL_TIME', '開発２課', '一般', '大阪', 'スリランカ', '兵庫県宝塚市', NULL, '2023-02-28', NULL, 'ACTIVE', '受託チーム（アドテック富士）
ルワッタゲ アヌダッタ ジャヤダダ ゴーミス', 'Reserved_ImageAttachment_[5]_[Photo][32]_[3c9fed7d787d4efdbdc1f82c717ba87c][1]_[4].png', '2026-02-03 09:06:33.695', '2026-02-03 09:06:33.695');
INSERT INTO public.employees (id, employee_number, employee_unique_number, full_name, full_name_kana, email, birth_date, gender, contract_type, department, "position", location, country, residence, station, hire_date, contract_end_date, status, remark, photo_url, created_at, updated_at) VALUES ('3c546e23-729b-42be-9ea2-45184aaf1e02', '500823', NULL, '長尾 真由美', 'ナガオマユミ', NULL, NULL, 'FEMALE', 'CONTRACT', NULL, '一般', '大阪', '日本', NULL, NULL, NULL, NULL, 'RESIGNED', NULL, NULL, '2026-02-03 09:06:33.701', '2026-02-03 09:06:33.701');
INSERT INTO public.employees (id, employee_number, employee_unique_number, full_name, full_name_kana, email, birth_date, gender, contract_type, department, "position", location, country, residence, station, hire_date, contract_end_date, status, remark, photo_url, created_at, updated_at) VALUES ('337e64cd-f543-4c5c-a326-2cf80186dde2', '500824', NULL, '森原 滉平', 'モリハラコウヘイ', NULL, NULL, 'MALE', 'CONTRACT', NULL, '一般', '大阪', '日本', NULL, NULL, NULL, NULL, 'RESIGNED', NULL, NULL, '2026-02-03 09:06:33.707', '2026-02-03 09:06:33.707');
INSERT INTO public.employees (id, employee_number, employee_unique_number, full_name, full_name_kana, email, birth_date, gender, contract_type, department, "position", location, country, residence, station, hire_date, contract_end_date, status, remark, photo_url, created_at, updated_at) VALUES ('c0684a79-e139-424e-9932-c23941a71b28', '500829', NULL, '山本 琴々路', 'ヤマモトココロ', NULL, NULL, 'FEMALE', 'CONTRACT', NULL, '一般', '大阪', '日本', NULL, NULL, NULL, NULL, 'RESIGNED', NULL, NULL, '2026-02-03 09:06:33.713', '2026-02-03 09:06:33.713');
INSERT INTO public.employees (id, employee_number, employee_unique_number, full_name, full_name_kana, email, birth_date, gender, contract_type, department, "position", location, country, residence, station, hire_date, contract_end_date, status, remark, photo_url, created_at, updated_at) VALUES ('0bf325ed-2711-423c-8d46-0b978cae7f2f', '500831', NULL, '清水 弘子', 'シミズヒロコ', NULL, NULL, 'FEMALE', 'CONTRACT', NULL, '一般', '大阪', '日本', NULL, NULL, NULL, NULL, 'RESIGNED', NULL, NULL, '2026-02-03 09:06:33.718', '2026-02-03 09:06:33.718');
INSERT INTO public.employees (id, employee_number, employee_unique_number, full_name, full_name_kana, email, birth_date, gender, contract_type, department, "position", location, country, residence, station, hire_date, contract_end_date, status, remark, photo_url, created_at, updated_at) VALUES ('1364425d-0d70-4743-ae5f-c1c77a4fab49', '200430', NULL, '肥田木 誠也', 'ヒダキセイヤ', 's.hidaki@id.aqtor.co.jp', '1988-07-19', 'MALE', 'FULL_TIME', NULL, '一般', '大阪', '日本', '大阪府岸和田市', '東岸和田駅', '2023-07-24', '2025-12-30', 'ACTIVE', '昭和SE', 'Reserved_ImageAttachment_[5]_[Photo][32]_[f513d83121fc4238ab70345d9a98335b][1]_[2].png', '2026-02-03 09:06:33.724', '2026-02-03 09:06:33.724');
INSERT INTO public.employees (id, employee_number, employee_unique_number, full_name, full_name_kana, email, birth_date, gender, contract_type, department, "position", location, country, residence, station, hire_date, contract_end_date, status, remark, photo_url, created_at, updated_at) VALUES ('f7600821-4c5e-4d73-a065-7e9bfac9f339', '200423', NULL, '雨無 康将', 'アメナシヤスマサ', 'y.amenashi@id.aqtor.co.jp', '1968-08-21', 'MALE', 'FULL_TIME', NULL, '一般', '大阪', '日本', '大阪府吹田市', NULL, '2023-08-31', '2026-03-30', 'ACTIVE', 'オーナンバ(株)', 'Reserved_ImageAttachment_[5]_[Photo][32]_[9b9ff20d6bfb4e8aa2c4412ab9976acc][1]_[2].png', '2026-02-03 09:06:33.749', '2026-02-03 09:06:33.749');
INSERT INTO public.employees (id, employee_number, employee_unique_number, full_name, full_name_kana, email, birth_date, gender, contract_type, department, "position", location, country, residence, station, hire_date, contract_end_date, status, remark, photo_url, created_at, updated_at) VALUES ('ef813827-c824-4ed3-800a-b3af766d2609', '500837', NULL, '佐藤 文子', 'サトウフミコ', NULL, NULL, 'FEMALE', 'CONTRACT', NULL, '一般', '大阪', '日本', NULL, NULL, NULL, NULL, 'RESIGNED', NULL, NULL, '2026-02-03 09:06:33.869', '2026-02-03 09:06:33.869');
INSERT INTO public.employees (id, employee_number, employee_unique_number, full_name, full_name_kana, email, birth_date, gender, contract_type, department, "position", location, country, residence, station, hire_date, contract_end_date, status, remark, photo_url, created_at, updated_at) VALUES ('f931b870-a59e-41b0-ac39-c5bebdc08bf8', '200428', NULL, '萩原 哲也', 'ハギハラテツヤ', 't.hagihara@id.aqtor.co.jp', '1967-05-19', 'MALE', 'FULL_TIME', NULL, '一般', '大阪', '日本', '大阪府四條畷市', NULL, '2023-10-15', NULL, 'ACTIVE', NULL, 'Reserved_ImageAttachment_[5]_[Photo][32]_[22334ace5b334267a04b43f18ba8e0b9][1]_[2].png', '2026-02-03 09:06:33.876', '2026-02-03 09:06:33.876');
INSERT INTO public.employees (id, employee_number, employee_unique_number, full_name, full_name_kana, email, birth_date, gender, contract_type, department, "position", location, country, residence, station, hire_date, contract_end_date, status, remark, photo_url, created_at, updated_at) VALUES ('6ed8122f-7bb8-4964-900e-2e0ac3f50b72', '500839', NULL, '加藤 美穂', 'カトウミホ', NULL, NULL, 'FEMALE', 'CONTRACT', NULL, '一般', '大阪', '日本', NULL, NULL, NULL, NULL, 'RESIGNED', NULL, NULL, '2026-02-03 09:06:33.88', '2026-02-03 09:06:33.88');
INSERT INTO public.employees (id, employee_number, employee_unique_number, full_name, full_name_kana, email, birth_date, gender, contract_type, department, "position", location, country, residence, station, hire_date, contract_end_date, status, remark, photo_url, created_at, updated_at) VALUES ('29d30438-73c2-4b88-9038-50f0f9984cb8', '500507', NULL, '林高伸', 'ハヤシタカノブ', 't.hayashi@id.aqtor.co.jp', '1970-09-27', 'MALE', 'CONTRACT', '開発２課', '一般', '東京', '日本', '東京都板橋区', '大山駅', '2013-09-01', '2025-12-30', 'ACTIVE', '株式会社ジャパンテクニカルソフトウェア', 'Reserved_ImageAttachment_[5]_[Photo][32]_[20daa6feea4b4f13ae04f5dea3ef9542][1]_[4].jpeg', '2026-02-03 09:06:33.887', '2026-02-03 09:06:33.887');
INSERT INTO public.employees (id, employee_number, employee_unique_number, full_name, full_name_kana, email, birth_date, gender, contract_type, department, "position", location, country, residence, station, hire_date, contract_end_date, status, remark, photo_url, created_at, updated_at) VALUES ('4b83de2f-a7f5-4e99-8bc7-ce064ee4fbf5', '500690', NULL, '海野 高司', 'ウンノタカシ', 't.unno@id.aqtor.co.jp', '1985-01-18', 'MALE', 'CONTRACT', '開発２課', '一般', '東京', '日本', '千葉県野田市', '梅郷', '2023-07-31', '2026-03-30', 'ACTIVE', '株式会社NEXCOシステムソリューションズ', 'Reserved_ImageAttachment_[5]_[Photo][32]_[c31a79f8f4424b71ae83215c24baa070][1]_[2].jpeg', '2026-02-03 09:06:33.925', '2026-02-03 09:06:33.925');
INSERT INTO public.employees (id, employee_number, employee_unique_number, full_name, full_name_kana, email, birth_date, gender, contract_type, department, "position", location, country, residence, station, hire_date, contract_end_date, status, remark, photo_url, created_at, updated_at) VALUES ('e7429f85-d2ef-48f4-9df9-053cf9b91541', '500799', NULL, '室 祐一', 'ムロユウイチ', 'y.muro@id.aqtor.co.jp', '1976-03-02', 'MALE', 'CONTRACT', '開発２課', '一般', '東京', '日本', '東京都西東京市', '武蔵境', '2022-08-31', '2026-03-30', 'ACTIVE', '株式会社WEAVUS(ウィーバス)', 'Reserved_ImageAttachment_[5]_[Photo][32]_[81bd3351c7a746519cc6b27383ea2700][1]_[2].png', '2026-02-03 09:06:33.957', '2026-02-03 09:06:33.957');
INSERT INTO public.employees (id, employee_number, employee_unique_number, full_name, full_name_kana, email, birth_date, gender, contract_type, department, "position", location, country, residence, station, hire_date, contract_end_date, status, remark, photo_url, created_at, updated_at) VALUES ('a2a8b25b-565b-4d7b-86a4-ee6826d46fb2', '200271', NULL, '宮本 政雄', 'ミヤモトマサオ', 'm.miyamoto@id.aqtor.co.jp', '1964-12-10', 'MALE', 'FULL_TIME', '開発１課', '一般', '東京', '日本', '東京都大田区', '蒲田駅', '2017-02-28', '2026-03-30', 'ACTIVE', '富士ソフト株式会社', 'Reserved_ImageAttachment_[5]_[Photo][32]_[d0f9e1767a3a4dc39dcc36d0cb965825][1]_[2].png', '2026-02-03 09:06:33.977', '2026-02-03 09:06:33.977');
INSERT INTO public.employees (id, employee_number, employee_unique_number, full_name, full_name_kana, email, birth_date, gender, contract_type, department, "position", location, country, residence, station, hire_date, contract_end_date, status, remark, photo_url, created_at, updated_at) VALUES ('19676781-fccd-4ee8-ab4f-fa89b265c340', '200309', NULL, '牧野 健一', 'マキノケンイチ', 'k.makino@id.aqtor.co.jp', '1982-07-27', 'MALE', 'FULL_TIME', '開発２課', '一般', '東京', '日本', '神奈川県川崎市川崎区', '鈴木町駅', '2018-11-25', '2026-06-29', 'ACTIVE', '株式会社　ＣＩＪ', 'Reserved_ImageAttachment_[5]_[Photo][32]_[bc005d1ad1a1422fa726994365320e4d][1]_[2].png', '2026-02-03 09:06:34', '2026-02-03 09:06:34');
INSERT INTO public.employees (id, employee_number, employee_unique_number, full_name, full_name_kana, email, birth_date, gender, contract_type, department, "position", location, country, residence, station, hire_date, contract_end_date, status, remark, photo_url, created_at, updated_at) VALUES ('6daa115c-581c-440f-b9e9-a96e42704796', '200339', NULL, '坂井 周平', 'サカイシュウヘイ', NULL, NULL, 'MALE', 'FULL_TIME', NULL, '一般', '東京', '日本', NULL, NULL, NULL, NULL, 'RESIGNED', NULL, NULL, '2026-02-03 09:06:34.028', '2026-02-03 09:06:34.028');
INSERT INTO public.employees (id, employee_number, employee_unique_number, full_name, full_name_kana, email, birth_date, gender, contract_type, department, "position", location, country, residence, station, hire_date, contract_end_date, status, remark, photo_url, created_at, updated_at) VALUES ('50f59999-2154-4296-a189-ef312577b37a', '500828', NULL, '原田 英雄', 'ハラダヒデオ', 'h.harada@id.aqtor.co.jp', '1982-08-07', 'MALE', 'CONTRACT', NULL, '一般', '福岡', '日本', '福岡県福岡市博多区', NULL, '2023-05-21', NULL, 'ACTIVE', '日鉄ソリューションズ九州', 'Reserved_ImageAttachment_[5]_[Photo][32]_[f84e39a1cb1e4157b28d4c13fc8bdf10][1]_[2].jpeg', '2026-02-03 09:06:34.034', '2026-02-03 09:06:34.034');
INSERT INTO public.employees (id, employee_number, employee_unique_number, full_name, full_name_kana, email, birth_date, gender, contract_type, department, "position", location, country, residence, station, hire_date, contract_end_date, status, remark, photo_url, created_at, updated_at) VALUES ('8c05bf45-3f49-452b-9eac-83fbbe320b7e', '500844', NULL, '藤木 聡一郎', 'フジキソウイチロウ', NULL, NULL, 'MALE', 'CONTRACT', NULL, '一般', '大阪', '日本', NULL, NULL, NULL, NULL, 'RESIGNED', NULL, NULL, '2026-02-03 09:06:34.047', '2026-02-03 09:06:34.047');
INSERT INTO public.employees (id, employee_number, employee_unique_number, full_name, full_name_kana, email, birth_date, gender, contract_type, department, "position", location, country, residence, station, hire_date, contract_end_date, status, remark, photo_url, created_at, updated_at) VALUES ('8a643601-081e-474b-bbbd-337c1da41079', '200451', NULL, '清水 佑丞', 'シミズユウスケ', 'y.shimizu@id.aqtor.co.jp', '2000-12-04', 'MALE', 'FULL_TIME', NULL, '一般', '大阪', '日本', '大阪府岸和田市', NULL, '2023-11-30', NULL, 'RESIGNED', NULL, NULL, '2026-02-03 09:06:34.053', '2026-02-03 09:06:34.053');
INSERT INTO public.employees (id, employee_number, employee_unique_number, full_name, full_name_kana, email, birth_date, gender, contract_type, department, "position", location, country, residence, station, hire_date, contract_end_date, status, remark, photo_url, created_at, updated_at) VALUES ('911b64c1-1c0a-4841-995b-fc03d8a819fb', '500850', NULL, '伊藤 聡', 'イトウサトル', NULL, NULL, 'MALE', 'CONTRACT', NULL, '一般', '大阪', '日本', NULL, NULL, NULL, NULL, 'RESIGNED', NULL, NULL, '2026-02-03 09:06:34.065', '2026-02-03 09:06:34.065');
INSERT INTO public.employees (id, employee_number, employee_unique_number, full_name, full_name_kana, email, birth_date, gender, contract_type, department, "position", location, country, residence, station, hire_date, contract_end_date, status, remark, photo_url, created_at, updated_at) VALUES ('1a35c8a9-934a-416a-8c45-1c7788092a20', '500851', NULL, '下中 憲明', 'シモナカノリアキ', 'n.shimonaka@id.aqtor.co.jp', '1963-07-05', 'MALE', 'CONTRACT', '開発１課', '一般', '大阪', '日本', '兵庫県明石市', 'JR 神戸線 西明石駅', '2024-03-05', '2026-03-19', 'ACTIVE', 'アクア
AQUA', 'Reserved_ImageAttachment_[5]_[Photo][32]_[0cadf96a89434a8fb60974b5ffc8f816][1]_[5].jpeg', '2026-02-03 09:06:34.071', '2026-02-03 09:06:34.071');
INSERT INTO public.employees (id, employee_number, employee_unique_number, full_name, full_name_kana, email, birth_date, gender, contract_type, department, "position", location, country, residence, station, hire_date, contract_end_date, status, remark, photo_url, created_at, updated_at) VALUES ('4df5dc99-be72-4c0a-ac8c-92c0bd885473', '200437', NULL, '桐岡 陸玖', 'キリオカリク', 'r.kirioka@id.aqtor.co.jp', '2003-11-04', 'MALE', 'FULL_TIME', NULL, '一般', '大阪', '日本', '兵庫県尼崎市', NULL, '2024-03-31', NULL, 'ACTIVE', 'エフエスティ', 'Reserved_ImageAttachment_[5]_[Photo][32]_[dcd39018595d4789997769f43742cab6][1]_[2].png', '2026-02-03 09:06:34.109', '2026-02-03 09:06:34.109');
INSERT INTO public.employees (id, employee_number, employee_unique_number, full_name, full_name_kana, email, birth_date, gender, contract_type, department, "position", location, country, residence, station, hire_date, contract_end_date, status, remark, photo_url, created_at, updated_at) VALUES ('3d200b03-d057-4cc0-bb94-b709f64c6fef', '200438', NULL, '新開 壮馬', 'シンカイソウマ', 's.shinkai@id.aqtor.co.jp', '2002-07-11', 'MALE', 'FULL_TIME', NULL, '一般', '大阪', '日本', '大阪府大阪市都島区', NULL, '2024-03-31', NULL, 'ACTIVE', 'システナ※ダイハツチーム', 'Reserved_ImageAttachment_[5]_[Photo][32]_[5b783d8888984e8d8165d3b953b86026][1]_[4].png', '2026-02-03 09:06:34.121', '2026-02-03 09:06:34.121');
INSERT INTO public.employees (id, employee_number, employee_unique_number, full_name, full_name_kana, email, birth_date, gender, contract_type, department, "position", location, country, residence, station, hire_date, contract_end_date, status, remark, photo_url, created_at, updated_at) VALUES ('c5e53728-5fe9-4292-b2a0-12cbf772f00a', '200440', NULL, '谷口 悠河', 'タニグチユウガ', 'y.taniguchi@id.aqtor.co.jp', '2003-12-27', 'MALE', 'FULL_TIME', NULL, '一般', '大阪', '日本', '兵庫県三木市', NULL, '2024-03-31', NULL, 'ACTIVE', 'MESW伊丹', 'Reserved_ImageAttachment_[5]_[Photo][32]_[996519668dc3415ab4be51baa72a7a98][1]_[2].png', '2026-02-03 09:06:34.14', '2026-02-03 09:06:34.14');
INSERT INTO public.employees (id, employee_number, employee_unique_number, full_name, full_name_kana, email, birth_date, gender, contract_type, department, "position", location, country, residence, station, hire_date, contract_end_date, status, remark, photo_url, created_at, updated_at) VALUES ('49dc6221-390e-4155-bf64-a7562a87a4b6', '200441', NULL, '田野 蒼空', 'タノソラ', 's.tano@id.aqtor.co.jp', '2003-12-10', 'MALE', 'FULL_TIME', NULL, '一般', '大阪', '日本', '大阪府大阪市旭区', NULL, '2024-03-31', NULL, 'ACTIVE', 'アルカディアシステムズ', 'Reserved_ImageAttachment_[5]_[Photo][32]_[7e39722345234fd59ec706984335a8cd][1]_[2].png', '2026-02-03 09:06:34.158', '2026-02-03 09:06:34.158');
INSERT INTO public.employees (id, employee_number, employee_unique_number, full_name, full_name_kana, email, birth_date, gender, contract_type, department, "position", location, country, residence, station, hire_date, contract_end_date, status, remark, photo_url, created_at, updated_at) VALUES ('765299a8-9368-44e1-b5f9-3d6bff1032a1', '500857', NULL, '中部 主暁', 'ナカベカズアキ', NULL, NULL, 'MALE', 'CONTRACT', NULL, '一般', '大阪', '日本', NULL, NULL, NULL, NULL, 'RESIGNED', NULL, NULL, '2026-02-03 09:06:34.175', '2026-02-03 09:06:34.175');
INSERT INTO public.employees (id, employee_number, employee_unique_number, full_name, full_name_kana, email, birth_date, gender, contract_type, department, "position", location, country, residence, station, hire_date, contract_end_date, status, remark, photo_url, created_at, updated_at) VALUES ('7cf8e3f2-c18f-4673-aef6-f0e384157b4e', '200442', NULL, '野々上 暢浩', 'ノノウエノブヒロ', NULL, NULL, 'MALE', 'FULL_TIME', NULL, '一般', '大阪', '日本', NULL, NULL, NULL, NULL, 'RESIGNED', NULL, NULL, '2026-02-03 09:06:34.18', '2026-02-03 09:06:34.18');
INSERT INTO public.employees (id, employee_number, employee_unique_number, full_name, full_name_kana, email, birth_date, gender, contract_type, department, "position", location, country, residence, station, hire_date, contract_end_date, status, remark, photo_url, created_at, updated_at) VALUES ('b7a46fe7-85c5-4e11-9d16-da72b0d496ad', '200444', NULL, '藤田 義之', 'フジタヨシユキ', 'y.fujita@id.aqtor.co.jp', '2001-05-27', 'MALE', 'FULL_TIME', NULL, '一般', '大阪', '日本', '大阪府大阪市大正区', '大正駅', '2024-03-31', '2026-03-30', 'ACTIVE', 'ザクティ', 'Reserved_ImageAttachment_[5]_[Photo][32]_[cbac74f9b7374658a74748787f7f97fa][1]_[2].png', '2026-02-03 09:06:34.186', '2026-02-03 09:06:34.186');
INSERT INTO public.employees (id, employee_number, employee_unique_number, full_name, full_name_kana, email, birth_date, gender, contract_type, department, "position", location, country, residence, station, hire_date, contract_end_date, status, remark, photo_url, created_at, updated_at) VALUES ('52d1ffa8-2300-4480-a4d3-e35418d698ff', '200446', NULL, '山下 祐希', 'ヤマシタユウキ', NULL, NULL, 'MALE', 'FULL_TIME', NULL, '一般', '大阪', '日本', NULL, NULL, NULL, NULL, 'RESIGNED', NULL, NULL, '2026-02-03 09:06:34.212', '2026-02-03 09:06:34.212');
INSERT INTO public.employees (id, employee_number, employee_unique_number, full_name, full_name_kana, email, birth_date, gender, contract_type, department, "position", location, country, residence, station, hire_date, contract_end_date, status, remark, photo_url, created_at, updated_at) VALUES ('5e97a1a2-6a2b-4740-8ee1-46b6eabe59e5', '500861', NULL, '吉永 太洋', 'ヨシナガタイヨウ', NULL, NULL, 'MALE', 'CONTRACT', NULL, '一般', '大阪', '日本', NULL, NULL, NULL, NULL, 'RESIGNED', NULL, NULL, '2026-02-03 09:06:34.216', '2026-02-03 09:06:34.216');
INSERT INTO public.employees (id, employee_number, employee_unique_number, full_name, full_name_kana, email, birth_date, gender, contract_type, department, "position", location, country, residence, station, hire_date, contract_end_date, status, remark, photo_url, created_at, updated_at) VALUES ('6ff50da6-90f6-41bd-9a88-3214cd95194d', '500862', NULL, '山本 陵二', 'ヤマモトリョウジ', NULL, NULL, 'MALE', 'CONTRACT', NULL, '一般', '大阪', '日本', NULL, NULL, NULL, NULL, 'RESIGNED', NULL, NULL, '2026-02-03 09:06:34.221', '2026-02-03 09:06:34.221');
INSERT INTO public.employees (id, employee_number, employee_unique_number, full_name, full_name_kana, email, birth_date, gender, contract_type, department, "position", location, country, residence, station, hire_date, contract_end_date, status, remark, photo_url, created_at, updated_at) VALUES ('e2ffcd9f-c0e9-44d4-9f00-854cc015d5e8', '500864', NULL, '前田 愛弘', 'マエダヨシヒロ', NULL, NULL, 'MALE', 'CONTRACT', NULL, '一般', '福岡', '日本', NULL, NULL, NULL, NULL, 'RESIGNED', NULL, NULL, '2026-02-03 09:06:34.226', '2026-02-03 09:06:34.226');
INSERT INTO public.employees (id, employee_number, employee_unique_number, full_name, full_name_kana, email, birth_date, gender, contract_type, department, "position", location, country, residence, station, hire_date, contract_end_date, status, remark, photo_url, created_at, updated_at) VALUES ('43dd6d74-f9a8-40e6-9820-004ae82ecead', '500866', NULL, '大谷 晋平', 'オオタニシンペイ', NULL, '1983-07-31', 'MALE', 'CONTRACT', NULL, '一般', '大阪', '日本', '大阪府大阪市都島区', NULL, '2024-06-23', NULL, 'RESIGNED', NULL, NULL, '2026-02-03 09:06:34.23', '2026-02-03 09:06:34.23');
INSERT INTO public.employees (id, employee_number, employee_unique_number, full_name, full_name_kana, email, birth_date, gender, contract_type, department, "position", location, country, residence, station, hire_date, contract_end_date, status, remark, photo_url, created_at, updated_at) VALUES ('4930dff4-fe34-4b4c-9780-dfa02960e1b6', '200452', NULL, 'ファム タン ヌー ヒウ', 'ファム タン ヌー ヒウ', 'h.pham@id.aqtor.co.jp', '1995-10-25', 'FEMALE', 'FULL_TIME', NULL, '一般', '大阪', 'ベトナム', '大阪府豊中市', NULL, '2024-06-30', NULL, 'ACTIVE', 'システナ※ダイハツチーム', 'Reserved_ImageAttachment_[5]_[Photo][32]_[55165647534a4095bc84c199c192a4dd][1]_[2].png', '2026-02-03 09:06:34.237', '2026-02-03 09:06:34.237');
INSERT INTO public.employees (id, employee_number, employee_unique_number, full_name, full_name_kana, email, birth_date, gender, contract_type, department, "position", location, country, residence, station, hire_date, contract_end_date, status, remark, photo_url, created_at, updated_at) VALUES ('4e49c663-4102-43bc-9ded-99613e86f58b', '500876', NULL, '川上 達広', 'カワカミタツヒロ', NULL, NULL, 'MALE', 'CONTRACT', NULL, '一般', '大阪', '日本', NULL, NULL, NULL, NULL, 'RESIGNED', NULL, NULL, '2026-02-03 09:06:34.246', '2026-02-03 09:06:34.246');
INSERT INTO public.employees (id, employee_number, employee_unique_number, full_name, full_name_kana, email, birth_date, gender, contract_type, department, "position", location, country, residence, station, hire_date, contract_end_date, status, remark, photo_url, created_at, updated_at) VALUES ('4af3cb54-c718-4400-9749-68e17d0b2b8f', '500873', NULL, '坂本 駿裕', 'サカモトシュンスケ', 's.sakamoto@id.aqtor.co.jp', '2000-01-26', 'MALE', 'CONTRACT', NULL, '一般', '大阪', '日本', '大阪府池田市', NULL, '2024-09-01', NULL, 'ACTIVE', 'アルカディアシステムズ', 'Reserved_ImageAttachment_[5]_[Photo][32]_[fae6dd816a8b455d8175e8764fc988b5][1]_[2].jpeg', '2026-02-03 09:06:34.252', '2026-02-03 09:06:34.252');
INSERT INTO public.employees (id, employee_number, employee_unique_number, full_name, full_name_kana, email, birth_date, gender, contract_type, department, "position", location, country, residence, station, hire_date, contract_end_date, status, remark, photo_url, created_at, updated_at) VALUES ('b37133a9-7c51-4839-9321-68ce9ab0fe99', '200447', NULL, '安居院 黎空', 'アグインリク', 'r.aguin@id.aqtor.co.jp', '2002-04-11', 'MALE', 'FULL_TIME', NULL, '一般', '福岡', '日本', '福岡県春日市', NULL, '2024-10-01', NULL, 'ACTIVE', '西鉄情報システム', 'Reserved_ImageAttachment_[5]_[Photo][32]_[607216d6408a40e9b3db8f94174e660a][1]_[3].jpeg', '2026-02-03 09:06:34.319', '2026-02-03 09:06:34.319');
INSERT INTO public.employees (id, employee_number, employee_unique_number, full_name, full_name_kana, email, birth_date, gender, contract_type, department, "position", location, country, residence, station, hire_date, contract_end_date, status, remark, photo_url, created_at, updated_at) VALUES ('4347119d-f9e9-46c1-96b6-bdd854a04a55', '500877', NULL, '宮脇 隆志', 'ミヤワキタカシ', 't.miyawaki@id.aqtor.co.jp', NULL, 'MALE', 'CONTRACT', NULL, '一般', '大阪', '日本', NULL, NULL, NULL, NULL, 'RESIGNED', NULL, NULL, '2026-02-03 09:06:34.332', '2026-02-03 09:06:34.332');
INSERT INTO public.employees (id, employee_number, employee_unique_number, full_name, full_name_kana, email, birth_date, gender, contract_type, department, "position", location, country, residence, station, hire_date, contract_end_date, status, remark, photo_url, created_at, updated_at) VALUES ('346568d9-bef8-4ea3-823b-9d4857288fc4', '200458', NULL, '秋田 来弥', 'アキタクルミ', 'k.akita@id.aqtor.co.jp', '2004-01-18', 'FEMALE', 'FULL_TIME', '開発２課', '一般', '大阪', '日本', '大阪府堺市中区', '深井駅', '2025-03-31', NULL, 'ACTIVE', 'Ytソリューションズ', 'Reserved_ImageAttachment_[5]_[Photo][32]_[796512c45e7340c69b1b1104716defa4][1]_[7].png', '2026-02-03 09:06:34.339', '2026-02-03 09:06:34.339');
INSERT INTO public.employees (id, employee_number, employee_unique_number, full_name, full_name_kana, email, birth_date, gender, contract_type, department, "position", location, country, residence, station, hire_date, contract_end_date, status, remark, photo_url, created_at, updated_at) VALUES ('17d44cf7-4653-4b3c-b300-9a92842e7971', '200459', NULL, '岩下 実沙紀', 'イワシタミサキ', 'm.iwashita@id.aqtor.co.jp', '1995-10-05', 'FEMALE', 'FULL_TIME', NULL, '一般', '大阪', '日本', '兵庫県神戸市西区', NULL, '2025-03-31', NULL, 'ACTIVE', 'システナ※ダイハツチーム', 'Reserved_ImageAttachment_[5]_[Photo][32]_[308f140999684338bd8b669b87f90c64][1]_[5].png', '2026-02-03 09:06:34.358', '2026-02-03 09:06:34.358');
INSERT INTO public.employees (id, employee_number, employee_unique_number, full_name, full_name_kana, email, birth_date, gender, contract_type, department, "position", location, country, residence, station, hire_date, contract_end_date, status, remark, photo_url, created_at, updated_at) VALUES ('6461b8e3-03c4-4fb8-8eb4-4a0354347f9e', '200462', NULL, '鈴東 勇人', 'スズヒガシハヤト', 'h.suzuhigashi@id.aqtor.co.jp', '2002-08-20', 'MALE', 'FULL_TIME', '開発１課', '一般', '大阪', '日本', '大阪府藤井寺市', NULL, '2025-03-31', NULL, 'ACTIVE', '受託チーム（丸三タカギ）', 'Reserved_ImageAttachment_[5]_[Photo][32]_[42b112f4917b4fec94c6d26d7a0621a8][1]_[4].png', '2026-02-03 09:06:34.369', '2026-02-03 09:06:34.369');
INSERT INTO public.employees (id, employee_number, employee_unique_number, full_name, full_name_kana, email, birth_date, gender, contract_type, department, "position", location, country, residence, station, hire_date, contract_end_date, status, remark, photo_url, created_at, updated_at) VALUES ('b23b38ef-2aaa-4ecb-a65a-5102f2d6a3e4', '200463', NULL, '水流 康太', 'ツルコウタ', 'k.tsuru@id.aqtor.co.jp', '2006-07-22', 'MALE', 'FULL_TIME', '開発２課', '一般', '大阪', '日本', '大阪府東大阪市', NULL, '2025-03-31', NULL, 'ACTIVE', '受託チーム（アドテック富士）', 'Reserved_ImageAttachment_[5]_[Photo][32]_[c4a31b4b4d604c00a2a920bd7973c636][1]_[4].png', '2026-02-03 09:06:34.381', '2026-02-03 09:06:34.381');
INSERT INTO public.employees (id, employee_number, employee_unique_number, full_name, full_name_kana, email, birth_date, gender, contract_type, department, "position", location, country, residence, station, hire_date, contract_end_date, status, remark, photo_url, created_at, updated_at) VALUES ('33ce946b-06d2-4bfa-b089-ff59348b3603', '200464', NULL, '富永 昂平', 'トミナガコウヘイ', 'k.tominaga@id.aqtor.co.jp', '2006-11-10', 'MALE', 'FULL_TIME', '開発１課', '一般', '大阪', '日本', '兵庫県尼崎市', NULL, '2025-03-31', NULL, 'ACTIVE', 'MESW神戸', 'Reserved_ImageAttachment_[5]_[Photo][32]_[4f41d1dd4ab54ba8935c6fe3db335a1f][1]_[4].png', '2026-02-03 09:06:34.391', '2026-02-03 09:06:34.391');
INSERT INTO public.employees (id, employee_number, employee_unique_number, full_name, full_name_kana, email, birth_date, gender, contract_type, department, "position", location, country, residence, station, hire_date, contract_end_date, status, remark, photo_url, created_at, updated_at) VALUES ('7da70b6c-f25d-4113-8d8b-ccb4e4367e32', '200465', NULL, '藤岡 祐明', 'フジオカユウア', 'y.fujioka@id.aqtor.co.jp', '1997-11-13', 'MALE', 'FULL_TIME', '開発１課', '一般', '大阪', '日本', '大阪府枚方市', NULL, '2025-03-31', NULL, 'ACTIVE', '村田機械', 'Reserved_ImageAttachment_[5]_[Photo][32]_[58e0033a08af4012a57bf266511b1d3f][1]_[4].png', '2026-02-03 09:06:34.403', '2026-02-03 09:06:34.403');
INSERT INTO public.employees (id, employee_number, employee_unique_number, full_name, full_name_kana, email, birth_date, gender, contract_type, department, "position", location, country, residence, station, hire_date, contract_end_date, status, remark, photo_url, created_at, updated_at) VALUES ('0f71fed9-d691-4fda-bdf7-34d03d251ab0', '500891', NULL, '松村 明', 'マツムラアキラ', 'a.matsumura@id.aqtor.co.jp', '1960-02-17', 'MALE', 'CONTRACT', NULL, '一般', '大阪', '日本', '京都府京都市北区', NULL, '2025-03-31', NULL, 'RESIGNED', NULL, 'Reserved_ImageAttachment_[5]_[Photo][32]_[c37b959c900b40a589489819a6b1fae9][1]_[2].png', '2026-02-03 09:06:34.421', '2026-02-03 09:06:34.421');
INSERT INTO public.employees (id, employee_number, employee_unique_number, full_name, full_name_kana, email, birth_date, gender, contract_type, department, "position", location, country, residence, station, hire_date, contract_end_date, status, remark, photo_url, created_at, updated_at) VALUES ('6dd92b2a-8f2e-4231-afc0-2414da51929b', '500893', NULL, '上殿 良', 'ウエドノリョウ', 'r.uedono@id.aqtor.co.jp', '1997-10-03', 'MALE', 'CONTRACT', NULL, '一般', '大阪', '日本', '京都府京都市上京区', NULL, '2025-04-30', NULL, 'ACTIVE', '村田機械', 'Reserved_ImageAttachment_[5]_[Photo][32]_[22f51c01b37d4065b15195beadca0e44][1]_[2].jpeg', '2026-02-03 09:06:34.427', '2026-02-03 09:06:34.427');
INSERT INTO public.employees (id, employee_number, employee_unique_number, full_name, full_name_kana, email, birth_date, gender, contract_type, department, "position", location, country, residence, station, hire_date, contract_end_date, status, remark, photo_url, created_at, updated_at) VALUES ('006edf11-b5e7-4837-a4a6-791604b84c06', '200212', NULL, '古賀 孝司', 'コガタカシ', 'koga@aqtor.co.jp', '1980-08-27', 'MALE', 'FULL_TIME', '開発２課', '課長', '大阪', '日本', '奈良県天理市', NULL, '2007-11-04', NULL, 'ACTIVE', 'パラミックス', 'Reserved_ImageAttachment_[5]_[Photo][32]_[bac71920faf14a7cb243072d4174c72d][1]_[4].png', '2026-02-03 09:06:34.437', '2026-02-03 09:06:34.437');
INSERT INTO public.employees (id, employee_number, employee_unique_number, full_name, full_name_kana, email, birth_date, gender, contract_type, department, "position", location, country, residence, station, hire_date, contract_end_date, status, remark, photo_url, created_at, updated_at) VALUES ('f526e929-4bbf-4444-9768-f11f4ba182ff', '500894', NULL, '副島 一馬', 'ソエジマカズマ', 'k.soejima@id.aqtor.co.jp', '2003-07-16', 'MALE', 'CONTRACT', NULL, '一般', '大阪', '日本', '京都府長岡京市', NULL, '2025-06-08', NULL, 'ACTIVE', '村田機械', 'Reserved_ImageAttachment_[5]_[Photo][32]_[05638f1f6f9c43c98aa88e4ea90f86b8][1]_[2].jpeg', '2026-02-03 09:06:34.476', '2026-02-03 09:06:34.476');
INSERT INTO public.employees (id, employee_number, employee_unique_number, full_name, full_name_kana, email, birth_date, gender, contract_type, department, "position", location, country, residence, station, hire_date, contract_end_date, status, remark, photo_url, created_at, updated_at) VALUES ('f9dd4f21-999b-46bc-ac99-b2a764aae650', '500895', NULL, '加藤 岳晃', 'カトウタケアキ', 't.kato@id.aqtor.co.jp', '1969-01-09', 'MALE', 'CONTRACT', '開発２課', '一般', '東京', '日本', '埼玉県新座市', '清瀬駅', '2025-06-15', '2026-02-27', 'ACTIVE', '株式会社ボールド', 'Reserved_ImageAttachment_[5]_[Photo][32]_[78c3f45e8e0a43d9a2c466b4e2bedbf6][1]_[8].jpeg', '2026-02-03 09:06:34.496', '2026-02-03 09:06:34.496');
INSERT INTO public.employees (id, employee_number, employee_unique_number, full_name, full_name_kana, email, birth_date, gender, contract_type, department, "position", location, country, residence, station, hire_date, contract_end_date, status, remark, photo_url, created_at, updated_at) VALUES ('b5bf9d53-a377-44bd-b1f2-5d4a8a38ed56', '500896', NULL, '弓野 雅章', 'ユミノマサアキ', 'm.yumino@id.aqtor.co.jp', '1964-05-16', 'MALE', 'CONTRACT', NULL, '一般', '大阪', '日本', '兵庫県神戸市西区', NULL, '2025-06-15', NULL, 'ACTIVE', 'MESW神戸', 'Reserved_ImageAttachment_[5]_[Photo][32]_[1b9cd954d6cf42229a0449d8ed15c8b2][1]_[2].jpeg', '2026-02-03 09:06:34.55', '2026-02-03 09:06:34.55');
INSERT INTO public.employees (id, employee_number, employee_unique_number, full_name, full_name_kana, email, birth_date, gender, contract_type, department, "position", location, country, residence, station, hire_date, contract_end_date, status, remark, photo_url, created_at, updated_at) VALUES ('3869d2e9-c9a3-448c-a565-3cf9db772b73', '500898', NULL, '河塚 正道', 'コウヅカマサミチ', 'm.kozuka@id.aqtor.co.jp', '1973-03-08', 'MALE', 'CONTRACT', NULL, '一般', '福岡', '日本', '福岡県福岡市東区', NULL, '2025-06-30', NULL, 'ACTIVE', 'タクサス', 'Reserved_ImageAttachment_[5]_[Photo][32]_[33da04f1789d4a1c84b10a8deab3b6c1][1]_[2].jpeg', '2026-02-03 09:06:34.573', '2026-02-03 09:06:34.573');
INSERT INTO public.employees (id, employee_number, employee_unique_number, full_name, full_name_kana, email, birth_date, gender, contract_type, department, "position", location, country, residence, station, hire_date, contract_end_date, status, remark, photo_url, created_at, updated_at) VALUES ('e594edca-cc0f-4846-812b-c9e0a3ddf259', '200466', NULL, '山田 大輔', 'ヤマダダイスケ', 'd.yamada@id.aqtor.co.jp', '1973-06-05', 'MALE', 'FULL_TIME', NULL, '一般', '大阪', '日本', '大阪府大阪市城東区', 'JR環状線 京橋駅', '2025-02-16', '2026-03-19', 'ACTIVE', 'アクア AQUA', 'Reserved_ImageAttachment_[5]_[Photo][32]_[47664defa6a44870aa6fb7b2ccbabbba][1]_[6].png', '2026-02-03 09:06:34.588', '2026-02-03 09:06:34.588');
INSERT INTO public.employees (id, employee_number, employee_unique_number, full_name, full_name_kana, email, birth_date, gender, contract_type, department, "position", location, country, residence, station, hire_date, contract_end_date, status, remark, photo_url, created_at, updated_at) VALUES ('f0f2cd35-b1ef-4c2c-b7bf-83e4920f79ad', '200202', NULL, '上野 昌彦', 'ウエノマサヒコ', 'ueno@id.aqtor.co.jp', '1980-09-17', 'MALE', 'FULL_TIME', '開発１課', '主任', '名古屋', '日本', '愛知県小牧市', '名鉄　間内駅', '2006-09-20', NULL, 'ACTIVE', 'ニデックモビリティ', 'Reserved_ImageAttachment_[5]_[Photo][32]_[8bedbe855a4943a8bf5333dc9dcb695c][1]_[2].png', '2026-02-03 09:06:34.644', '2026-02-03 09:06:34.644');
INSERT INTO public.employees (id, employee_number, employee_unique_number, full_name, full_name_kana, email, birth_date, gender, contract_type, department, "position", location, country, residence, station, hire_date, contract_end_date, status, remark, photo_url, created_at, updated_at) VALUES ('cea13ece-90bf-4a50-9228-2782a243cfed', '200263', NULL, '三輪 祐嗣', 'ミワユウジ', 'y.miwa@id.aqtor.co.jp', '1979-05-23', 'MALE', 'FULL_TIME', '品質検証課', '一般', '名古屋', '日本', '愛知県東海市', '名鉄河和線　高横須賀駅', '2015-07-05', NULL, 'ACTIVE', 'MEE', 'Reserved_ImageAttachment_[5]_[Photo][32]_[c27a8a4a96054220964f1180d4863605][1]_[2].png', '2026-02-03 09:06:34.682', '2026-02-03 09:06:34.682');
INSERT INTO public.employees (id, employee_number, employee_unique_number, full_name, full_name_kana, email, birth_date, gender, contract_type, department, "position", location, country, residence, station, hire_date, contract_end_date, status, remark, photo_url, created_at, updated_at) VALUES ('872738fe-c017-4ce5-9603-3a2e3b65345a', '200265', NULL, '森下 大世', 'モリシタマサトシ', 'm.morishita@id.aqtor.co.jp', '1984-06-14', 'MALE', 'FULL_TIME', '開発１課', '主任', '名古屋', '日本', '愛知県刈谷市', '名鉄線　刈谷駅', '2015-07-20', NULL, 'ACTIVE', 'アイシン', 'Reserved_ImageAttachment_[5]_[Photo][32]_[9c0c160ee90b4ba3a5abe364d44d6a90][1]_[2].png', '2026-02-03 09:06:34.704', '2026-02-03 09:06:34.704');
INSERT INTO public.employees (id, employee_number, employee_unique_number, full_name, full_name_kana, email, birth_date, gender, contract_type, department, "position", location, country, residence, station, hire_date, contract_end_date, status, remark, photo_url, created_at, updated_at) VALUES ('fb9cc099-ce97-4593-8dbf-6474bcc326e3', '200272', NULL, 'グエン タン コン', 'グエン タン コン', NULL, NULL, 'MALE', 'FULL_TIME', NULL, '一般', '名古屋', '日本', NULL, NULL, NULL, NULL, 'RESIGNED', NULL, NULL, '2026-02-03 09:06:34.737', '2026-02-03 09:06:34.737');
INSERT INTO public.employees (id, employee_number, employee_unique_number, full_name, full_name_kana, email, birth_date, gender, contract_type, department, "position", location, country, residence, station, hire_date, contract_end_date, status, remark, photo_url, created_at, updated_at) VALUES ('719f577b-bbfa-4b3c-83aa-a3c336424801', '200273', NULL, '石原 純一', 'イシハラジュンイチ', 'j.ishihara@id.aqtor.co.jp', '1987-08-07', 'MALE', 'FULL_TIME', '開発１課', '主任', '名古屋', '日本', '愛知県刈谷市', 'JR線　刈谷駅', '2016-03-31', NULL, 'ACTIVE', 'ジェイテクト', 'Reserved_ImageAttachment_[5]_[Photo][32]_[02e9f812eb314b94b01e07c9d85bd67c][1]_[2].png', '2026-02-03 09:06:34.743', '2026-02-03 09:06:34.743');
INSERT INTO public.employees (id, employee_number, employee_unique_number, full_name, full_name_kana, email, birth_date, gender, contract_type, department, "position", location, country, residence, station, hire_date, contract_end_date, status, remark, photo_url, created_at, updated_at) VALUES ('1c77fabf-f9d7-4e37-abc2-5650e901c71b', '200277', NULL, '味岡 恵一', 'アジオカケイイチ', 'k.ajioka@id.aqtor.co.jp', '1976-02-13', 'MALE', 'FULL_TIME', '開発１課', '係長', '名古屋', '日本', '愛知県名古屋市北区', '名鉄小牧線　味鋺駅', '2016-10-31', NULL, 'ACTIVE', 'ヴィッツ', 'Reserved_ImageAttachment_[5]_[Photo][32]_[af6fc0fd42f04beeae2d971e17ab50af][1]_[2].png', '2026-02-03 09:06:34.761', '2026-02-03 09:06:34.761');
INSERT INTO public.employees (id, employee_number, employee_unique_number, full_name, full_name_kana, email, birth_date, gender, contract_type, department, "position", location, country, residence, station, hire_date, contract_end_date, status, remark, photo_url, created_at, updated_at) VALUES ('02c2cea7-2098-4d3d-846f-944dfc127b5c', '200279', NULL, '榊原 直人', 'サカキバラナオト', 'n.sakakibara@id.aqtor.co.jp', '1975-12-28', 'MALE', 'FULL_TIME', '開発３課', '課長代理', '名古屋', '日本', '愛知県東海市', '名鉄常滑線　名和駅', '2016-12-18', NULL, 'ACTIVE', 'マキタ', 'Reserved_ImageAttachment_[5]_[Photo][32]_[511ddf1dd073451f84b7b15f35c1df31][1]_[2].png', '2026-02-03 09:06:34.786', '2026-02-03 09:06:34.786');
INSERT INTO public.employees (id, employee_number, employee_unique_number, full_name, full_name_kana, email, birth_date, gender, contract_type, department, "position", location, country, residence, station, hire_date, contract_end_date, status, remark, photo_url, created_at, updated_at) VALUES ('9ba97249-e90a-4d13-8378-a5d2ba5e54ec', '200280', NULL, '小出 雅彦', 'コイデマサヒコ', 'm.koide@id.aqtor.co.jp', '1967-04-03', 'MALE', 'FULL_TIME', '開発２課', '一般', '名古屋', '日本', '愛知県名古屋市中村区', NULL, '2017-01-05', NULL, 'ACTIVE', 'システムサポート', 'Reserved_ImageAttachment_[5]_[Photo][32]_[9e07650bd4804c54baacf585dbb29c12][1]_[2].png', '2026-02-03 09:06:34.803', '2026-02-03 09:06:34.803');
INSERT INTO public.employees (id, employee_number, employee_unique_number, full_name, full_name_kana, email, birth_date, gender, contract_type, department, "position", location, country, residence, station, hire_date, contract_end_date, status, remark, photo_url, created_at, updated_at) VALUES ('6f8ecab7-ad54-495c-9b96-ebe23fa4a68b', '200282', NULL, '安田 喬', 'ヤスダタカシ', 't.yasuda@id.aqtor.co.jp', '1988-06-29', 'MALE', 'FULL_TIME', NULL, '一般', '名古屋', '日本', '愛知県名古屋市東区', 'JR中央線　大曽根駅', '2014-11-30', NULL, 'ACTIVE', 'ジェイテクト', 'Reserved_ImageAttachment_[5]_[Photo][32]_[b90b284d870d444eb1be11329e09728d][1]_[3].png', '2026-02-03 09:06:34.815', '2026-02-03 09:06:34.815');
INSERT INTO public.employees (id, employee_number, employee_unique_number, full_name, full_name_kana, email, birth_date, gender, contract_type, department, "position", location, country, residence, station, hire_date, contract_end_date, status, remark, photo_url, created_at, updated_at) VALUES ('99454f66-7520-4981-993a-5b774132f54d', '200283', NULL, '佃 源太', 'ツクダゲンタ', 'g.tsukuda@id.aqtor.co.jp', '1991-11-15', 'MALE', 'FULL_TIME', '開発１課', '一般', '名古屋', '日本', '愛知県名古屋市千種区', '東山線　覚王山駅', '2014-11-30', NULL, 'ACTIVE', 'Sky', 'Reserved_ImageAttachment_[5]_[Photo][32]_[0091525efe634ad1b6373cc87941fe78][1]_[2].png', '2026-02-03 09:06:34.839', '2026-02-03 09:06:34.839');
INSERT INTO public.employees (id, employee_number, employee_unique_number, full_name, full_name_kana, email, birth_date, gender, contract_type, department, "position", location, country, residence, station, hire_date, contract_end_date, status, remark, photo_url, created_at, updated_at) VALUES ('f528d0ce-6242-413f-bc1d-c6afc589d549', '200291', NULL, '田中 和弥', 'タナカカズヤ', 'k.tanaka@id.aqtor.co.jp', NULL, 'MALE', 'FULL_TIME', NULL, '一般', '名古屋', '日本', NULL, NULL, NULL, NULL, 'RESIGNED', NULL, NULL, '2026-02-03 09:06:34.857', '2026-02-03 09:06:34.857');
INSERT INTO public.employees (id, employee_number, employee_unique_number, full_name, full_name_kana, email, birth_date, gender, contract_type, department, "position", location, country, residence, station, hire_date, contract_end_date, status, remark, photo_url, created_at, updated_at) VALUES ('1f07ca1c-67c1-4639-8b5d-6f38bbb19d06', '200301', NULL, '杉村 海', 'スギムラヒロシ', 'h.sugimura@id.aqtor.co.jp', '1987-04-01', 'MALE', 'FULL_TIME', '開発３課', '一般', '名古屋', '日本', '愛知県稲沢市', '名鉄名古屋本線　奥田駅', '2018-09-09', NULL, 'ACTIVE', 'イビデン', 'Reserved_ImageAttachment_[5]_[Photo][32]_[8505c31163014fe69cf745e63ed80da4][1]_[5].png', '2026-02-03 09:06:34.862', '2026-02-03 09:06:34.862');
INSERT INTO public.employees (id, employee_number, employee_unique_number, full_name, full_name_kana, email, birth_date, gender, contract_type, department, "position", location, country, residence, station, hire_date, contract_end_date, status, remark, photo_url, created_at, updated_at) VALUES ('6f4b99d2-4dab-4946-a1a2-727f94514c1f', '200310', NULL, '伊藤 伸幸', 'イトウノブユキ', NULL, NULL, 'MALE', 'FULL_TIME', NULL, '一般', '名古屋', '日本', NULL, NULL, NULL, NULL, 'RESIGNED', NULL, NULL, '2026-02-03 09:06:34.874', '2026-02-03 09:06:34.874');
INSERT INTO public.employees (id, employee_number, employee_unique_number, full_name, full_name_kana, email, birth_date, gender, contract_type, department, "position", location, country, residence, station, hire_date, contract_end_date, status, remark, photo_url, created_at, updated_at) VALUES ('3fe66e06-d4ef-48cb-bc67-4587b31cb4f0', '200315', NULL, '近藤 蒼馬', 'コンドウソウマ', NULL, NULL, 'MALE', 'FULL_TIME', NULL, '一般', '名古屋', '日本', NULL, NULL, NULL, NULL, 'RESIGNED', NULL, NULL, '2026-02-03 09:06:34.879', '2026-02-03 09:06:34.879');
INSERT INTO public.employees (id, employee_number, employee_unique_number, full_name, full_name_kana, email, birth_date, gender, contract_type, department, "position", location, country, residence, station, hire_date, contract_end_date, status, remark, photo_url, created_at, updated_at) VALUES ('a3e3e8c8-e7c5-4bd1-bdaf-e9fac6330779', '200316', NULL, '矢島 常雄', 'ヤジマツネオ', 't.yajima@id.aqtor.co.jp', '1981-12-03', 'MALE', 'FULL_TIME', '品質検証課', '一般', '名古屋', '日本', '愛知県名古屋市中川区', '名鉄名古屋本線　山王駅', '2019-03-05', NULL, 'ACTIVE', 'マキタ', 'Reserved_ImageAttachment_[5]_[Photo][32]_[7e15925a49f5409b87a723afccf02f20][1]_[4].png', '2026-02-03 09:06:34.884', '2026-02-03 09:06:34.884');
INSERT INTO public.employees (id, employee_number, employee_unique_number, full_name, full_name_kana, email, birth_date, gender, contract_type, department, "position", location, country, residence, station, hire_date, contract_end_date, status, remark, photo_url, created_at, updated_at) VALUES ('ab60a452-48f1-4c9e-a982-900a961bcd57', '200324', NULL, 'セラ ヒメネス ルイス', 'セラ ヒメネス ルイス', 's.j.luis@id.aqtor.co.jp', '1994-03-22', 'MALE', 'FULL_TIME', '開発１課', '係長', '名古屋', 'スペイン', '愛知県名古屋市天白区', '名城線　八事駅', '2018-09-17', NULL, 'ACTIVE', 'FUJI', 'Reserved_ImageAttachment_[5]_[Photo][32]_[c09d575d909f4712a9c46a7a8097058c][1]_[2].png', '2026-02-03 09:06:34.896', '2026-02-03 09:06:34.896');
INSERT INTO public.employees (id, employee_number, employee_unique_number, full_name, full_name_kana, email, birth_date, gender, contract_type, department, "position", location, country, residence, station, hire_date, contract_end_date, status, remark, photo_url, created_at, updated_at) VALUES ('81574e4f-be09-4e70-adca-80c5849c1eb8', '200352', NULL, '黒江 幸', 'クロエユキ', 'y.kuroe@id.aqtor.co.jp', '1991-03-20', NULL, 'FULL_TIME', '開発１課', '一般', '名古屋', '日本', '愛知県瀬戸市', '名鉄瀬戸線　尾張瀬戸駅', '2019-09-01', NULL, 'ACTIVE', 'Sky', 'Reserved_ImageAttachment_[5]_[Photo][32]_[548bd04aa0a94e539be731fe0463c301][1]_[2].png', '2026-02-03 09:06:34.95', '2026-02-03 09:06:34.95');
INSERT INTO public.employees (id, employee_number, employee_unique_number, full_name, full_name_kana, email, birth_date, gender, contract_type, department, "position", location, country, residence, station, hire_date, contract_end_date, status, remark, photo_url, created_at, updated_at) VALUES ('a293d3c1-f649-4f8b-adc1-591ec25d84cc', '200354', NULL, '髙倉 里奈', 'タカクラリナ', 'r.takakura@id.aqtor.co.jp', '1983-08-15', 'FEMALE', 'FULL_TIME', '開発２課', '一般', '名古屋', '日本', '愛知県名古屋市中川区', NULL, '2019-02-28', NULL, 'ACTIVE', 'ACS', 'Reserved_ImageAttachment_[5]_[Photo][32]_[377c06b51b6542acbf86fd1d7614d7f3][1]_[2].png', '2026-02-03 09:06:34.996', '2026-02-03 09:06:34.996');
INSERT INTO public.employees (id, employee_number, employee_unique_number, full_name, full_name_kana, email, birth_date, gender, contract_type, department, "position", location, country, residence, station, hire_date, contract_end_date, status, remark, photo_url, created_at, updated_at) VALUES ('aa20ad00-fa22-4a27-9deb-f007b44a6a30', '200371', NULL, '北川 誠太郎', 'キタガワセイタロウ', NULL, NULL, 'MALE', 'FULL_TIME', NULL, '一般', '名古屋', '日本', NULL, NULL, NULL, NULL, 'RESIGNED', NULL, NULL, '2026-02-03 09:06:35.044', '2026-02-03 09:06:35.044');
INSERT INTO public.employees (id, employee_number, employee_unique_number, full_name, full_name_kana, email, birth_date, gender, contract_type, department, "position", location, country, residence, station, hire_date, contract_end_date, status, remark, photo_url, created_at, updated_at) VALUES ('5e3f8851-cf8b-4e95-ab7d-9f11fb112740', '200377', NULL, '木村 聡希', 'キムラサトキ', 's.kimura@id.aqtor.co.jp', '1999-07-26', 'MALE', 'FULL_TIME', NULL, '一般', '名古屋', '日本', '愛知県名古屋市北区', 'JR中央線　大曽根駅', '2021-04-04', NULL, 'ACTIVE', 'BCC', 'Reserved_ImageAttachment_[5]_[Photo][32]_[f9038251332e495eaa39d0e86a02f40c][1]_[2].png', '2026-02-03 09:06:35.051', '2026-02-03 09:06:35.051');
INSERT INTO public.employees (id, employee_number, employee_unique_number, full_name, full_name_kana, email, birth_date, gender, contract_type, department, "position", location, country, residence, station, hire_date, contract_end_date, status, remark, photo_url, created_at, updated_at) VALUES ('f47588d7-8ffd-42df-8191-646f280ff729', '200380', NULL, '松岡 龍哉', 'マツオカリュウヤ', 'r.matsuoka@id.aqtor.co.jp', '1998-02-09', 'MALE', 'FULL_TIME', NULL, '一般', '名古屋', '日本', '愛知県名古屋市北区', '名城線　志賀本通駅', '2021-04-04', NULL, 'ACTIVE', 'BCC', 'Reserved_ImageAttachment_[5]_[Photo][32]_[3a5072bef967475595d24de684eeca7a][1]_[2].png', '2026-02-03 09:06:35.064', '2026-02-03 09:06:35.064');
INSERT INTO public.employees (id, employee_number, employee_unique_number, full_name, full_name_kana, email, birth_date, gender, contract_type, department, "position", location, country, residence, station, hire_date, contract_end_date, status, remark, photo_url, created_at, updated_at) VALUES ('65f3b7ca-c8ee-4249-bc36-43e5f7a0c93a', '200385', NULL, '那須 洸希', 'ナスコウキ', 'k.nasu@id.aqtor.co.jp', '1998-09-07', 'MALE', 'FULL_TIME', '開発１課', '一般', '名古屋', '日本', '愛知県名古屋市名東区', '地下鉄線　上社駅', '2021-08-22', NULL, 'ACTIVE', 'MESW', 'Reserved_ImageAttachment_[5]_[Photo][32]_[2e4f70aa58ee4f24b4be68f7bcc5a47e][1]_[2].png', '2026-02-03 09:06:35.077', '2026-02-03 09:06:35.077');
INSERT INTO public.employees (id, employee_number, employee_unique_number, full_name, full_name_kana, email, birth_date, gender, contract_type, department, "position", location, country, residence, station, hire_date, contract_end_date, status, remark, photo_url, created_at, updated_at) VALUES ('21501490-21b7-4af5-86f7-f45afd61445f', '200387', NULL, '國井 美和', 'クニイミワ', NULL, NULL, 'FEMALE', 'FULL_TIME', NULL, '一般', '名古屋', '日本', NULL, NULL, NULL, NULL, 'RESIGNED', NULL, NULL, '2026-02-03 09:06:35.091', '2026-02-03 09:06:35.091');
INSERT INTO public.employees (id, employee_number, employee_unique_number, full_name, full_name_kana, email, birth_date, gender, contract_type, department, "position", location, country, residence, station, hire_date, contract_end_date, status, remark, photo_url, created_at, updated_at) VALUES ('f54bbea1-dd9f-4e4c-a931-306019ebe560', '200388', NULL, '小平 和幸', 'コダイラカズユキ', 'k.kodaira@id.aqtor.co.jp', '1968-07-28', 'MALE', 'FULL_TIME', NULL, '主任', '名古屋', '日本', '愛知県春日井市', 'JR中央本線　勝川駅', '2021-05-09', NULL, 'ACTIVE', 'マキタ', 'Reserved_ImageAttachment_[5]_[Photo][32]_[d29b07c0dc6a40a48e7fdc186b92393c][1]_[2].png', '2026-02-03 09:06:35.097', '2026-02-03 09:06:35.097');
INSERT INTO public.employees (id, employee_number, employee_unique_number, full_name, full_name_kana, email, birth_date, gender, contract_type, department, "position", location, country, residence, station, hire_date, contract_end_date, status, remark, photo_url, created_at, updated_at) VALUES ('8837b356-1993-404b-8910-54c12d6efa80', '200389', NULL, '渡邉 匠', 'ワタナベタクミ', 't.watanabe@id.aqtor.co.jp', '1982-08-04', 'MALE', 'FULL_TIME', '開発２課', '一般', '名古屋', '日本', '愛知県名古屋市天白区', '鶴舞線　塩釜口駅', '2019-09-08', NULL, 'ACTIVE', 'NTTﾃﾞｰﾀMHIｼｽﾃﾑｽﾞ
ＮＴＴデータ', 'Reserved_ImageAttachment_[5]_[Photo][32]_[85379be1178c42029e3d3a981090535c][1]_[2].png', '2026-02-03 09:06:35.117', '2026-02-03 09:06:35.117');
INSERT INTO public.employees (id, employee_number, employee_unique_number, full_name, full_name_kana, email, birth_date, gender, contract_type, department, "position", location, country, residence, station, hire_date, contract_end_date, status, remark, photo_url, created_at, updated_at) VALUES ('d7e68884-54c8-477e-803f-f8f2114d3b3a', '200390', NULL, '永瀬 美希', 'ナガセミキ', NULL, NULL, 'FEMALE', 'FULL_TIME', NULL, '一般', '名古屋', '日本', NULL, NULL, NULL, NULL, 'RESIGNED', NULL, NULL, '2026-02-03 09:06:35.158', '2026-02-03 09:06:35.158');
INSERT INTO public.employees (id, employee_number, employee_unique_number, full_name, full_name_kana, email, birth_date, gender, contract_type, department, "position", location, country, residence, station, hire_date, contract_end_date, status, remark, photo_url, created_at, updated_at) VALUES ('44069423-7a9d-4644-9d0d-260182bbf1cf', '200391', NULL, '横井 祐基', 'ヨコイユウキ', NULL, NULL, 'MALE', 'FULL_TIME', NULL, '一般', '名古屋', '日本', NULL, NULL, NULL, NULL, 'RESIGNED', NULL, NULL, '2026-02-03 09:06:35.163', '2026-02-03 09:06:35.163');
INSERT INTO public.employees (id, employee_number, employee_unique_number, full_name, full_name_kana, email, birth_date, gender, contract_type, department, "position", location, country, residence, station, hire_date, contract_end_date, status, remark, photo_url, created_at, updated_at) VALUES ('4a36bc86-d849-4ad9-9d07-75c724de7ee5', '200396', NULL, '栗原 拓臣', 'クリハラタクミ', 't.kurihara@id.aqtor.co.jp', '1992-06-17', 'MALE', 'FULL_TIME', '開発３課', '一般', '名古屋', '日本', '愛知県名古屋市昭和区', '地下鉄名城線　本山駅', '2019-10-07', NULL, 'ACTIVE', 'マキタ', 'Reserved_ImageAttachment_[5]_[Photo][32]_[e5b54e4ab52142d3baf470d5fc087814][1]_[2].png', '2026-02-03 09:06:35.169', '2026-02-03 09:06:35.169');
INSERT INTO public.employees (id, employee_number, employee_unique_number, full_name, full_name_kana, email, birth_date, gender, contract_type, department, "position", location, country, residence, station, hire_date, contract_end_date, status, remark, photo_url, created_at, updated_at) VALUES ('54179070-f826-4dcd-ac3a-063e58c0c34c', '200399', NULL, '望月 淳史', 'モチヅキアツシ', 'a.mochizuki@id.aqtor.co.jp', '1987-01-20', 'MALE', 'FULL_TIME', '開発３課', '一般', '名古屋', '日本', '愛知県知多市', '名鉄常滑線　八幡新田駅', '2023-04-16', NULL, 'ACTIVE', 'アイシン', 'Reserved_ImageAttachment_[5]_[Photo][32]_[2a1d3127596c4cff91895664000374be][1]_[4].png', '2026-02-03 09:06:35.181', '2026-02-03 09:06:35.181');
INSERT INTO public.employees (id, employee_number, employee_unique_number, full_name, full_name_kana, email, birth_date, gender, contract_type, department, "position", location, country, residence, station, hire_date, contract_end_date, status, remark, photo_url, created_at, updated_at) VALUES ('e0c6a34d-69f6-4b6e-a808-e807395b25c0', '200400', NULL, '岡田 望', 'オカダノゾミ', NULL, NULL, 'MALE', 'FULL_TIME', NULL, '一般', '名古屋', '日本', NULL, NULL, NULL, NULL, 'RESIGNED', NULL, NULL, '2026-02-03 09:06:35.227', '2026-02-03 09:06:35.227');
INSERT INTO public.employees (id, employee_number, employee_unique_number, full_name, full_name_kana, email, birth_date, gender, contract_type, department, "position", location, country, residence, station, hire_date, contract_end_date, status, remark, photo_url, created_at, updated_at) VALUES ('a0feebcf-16f1-422b-a534-f098d2905ecf', '200401', NULL, '神谷 妃奈子', 'カミヤヒナコ', 'h.kamiya@id.aqtor.co.jp', '1997-08-23', 'FEMALE', 'FULL_TIME', '開発１課', '一般', '名古屋', '日本', '愛知県高浜市', '名鉄三河線　高浜港駅', '2023-07-31', NULL, 'ACTIVE', 'Sky', 'Reserved_ImageAttachment_[5]_[Photo][32]_[017fe27190e944e1bb0aba7ffbe2e1ba][1]_[2].png', '2026-02-03 09:06:35.234', '2026-02-03 09:06:35.234');
INSERT INTO public.employees (id, employee_number, employee_unique_number, full_name, full_name_kana, email, birth_date, gender, contract_type, department, "position", location, country, residence, station, hire_date, contract_end_date, status, remark, photo_url, created_at, updated_at) VALUES ('2ce5523c-d372-4765-b15d-9fb9cafa6430', '200404', NULL, '大橋 雅大', 'オオハシマサヒロ', 'm.ohashi@id.aqtor.co.jp', '1999-12-07', 'MALE', 'FULL_TIME', '開発１課', '一般', '名古屋', '日本', '愛知県津島市', '名鉄線　日比野駅', '2023-01-31', NULL, 'ACTIVE', 'ヴィッツ', 'Reserved_ImageAttachment_[5]_[Photo][32]_[7ea9231c57ec4968984218c3a22a24be][1]_[2].png', '2026-02-03 09:06:35.254', '2026-02-03 09:06:35.254');
INSERT INTO public.employees (id, employee_number, employee_unique_number, full_name, full_name_kana, email, birth_date, gender, contract_type, department, "position", location, country, residence, station, hire_date, contract_end_date, status, remark, photo_url, created_at, updated_at) VALUES ('ed002797-a516-44a0-8978-429dab7ac77d', '200410', NULL, '内藤 克紀', 'ナイトウカツノリ', 'k.naito@id.aqtor.co.jp', '1983-07-04', 'MALE', 'FULL_TIME', '開発３課', '一般', '名古屋', '日本', '愛知県小牧市', '名鉄名古屋本線　岩倉駅', '2023-01-31', NULL, 'ACTIVE', '豊田自動織機', 'Reserved_ImageAttachment_[5]_[Photo][32]_[8c741408927549a9b1642ec2a297073b][1]_[2].png', '2026-02-03 09:06:35.301', '2026-02-03 09:06:35.301');
INSERT INTO public.employees (id, employee_number, employee_unique_number, full_name, full_name_kana, email, birth_date, gender, contract_type, department, "position", location, country, residence, station, hire_date, contract_end_date, status, remark, photo_url, created_at, updated_at) VALUES ('9d76d68c-9fcb-440e-ba88-7618fec782bf', '200414', NULL, '森澤 直之', 'モリサワナオユキ', 'n.morisawa@id.aqtor.co.jp', '1988-03-01', 'MALE', 'FULL_TIME', '開発２課', '一般', '名古屋', '日本', '愛知県名古屋市東区', '地下鉄鶴舞線　平針駅', '2023-01-31', NULL, 'ACTIVE', 'NEXCOS', 'Reserved_ImageAttachment_[5]_[Photo][32]_[3fae4f5df4fc4c5d9de06d455c3cd78b][1]_[2].png', '2026-02-03 09:06:35.317', '2026-02-03 09:06:35.317');
INSERT INTO public.employees (id, employee_number, employee_unique_number, full_name, full_name_kana, email, birth_date, gender, contract_type, department, "position", location, country, residence, station, hire_date, contract_end_date, status, remark, photo_url, created_at, updated_at) VALUES ('6ad6c975-f7ad-4ba6-902f-d9ec19ab8234', '200416', NULL, '若村 隆', 'ワカムラタカシ', 't.wakamura@id.aqtor.co.jp', '1988-06-13', 'MALE', 'FULL_TIME', '開発３課', '一般', '名古屋', '日本', '岐阜県大垣市', 'JR東海道本線　大垣駅', '2023-11-15', NULL, 'ACTIVE', 'イビデン', 'Reserved_ImageAttachment_[5]_[Photo][32]_[c08cc97c0f9640158ae5de5f8d9239fa][1]_[2].png', '2026-02-03 09:06:35.332', '2026-02-03 09:06:35.332');
INSERT INTO public.employees (id, employee_number, employee_unique_number, full_name, full_name_kana, email, birth_date, gender, contract_type, department, "position", location, country, residence, station, hire_date, contract_end_date, status, remark, photo_url, created_at, updated_at) VALUES ('8ba4584e-4d50-431a-96f4-1a968ebe2712', '200417', NULL, '川本 陽子', 'カワモトヨウコ', NULL, NULL, 'FEMALE', 'FULL_TIME', NULL, '一般', '名古屋', '日本', NULL, NULL, NULL, NULL, 'RESIGNED', NULL, NULL, '2026-02-03 09:06:35.384', '2026-02-03 09:06:35.384');
INSERT INTO public.employees (id, employee_number, employee_unique_number, full_name, full_name_kana, email, birth_date, gender, contract_type, department, "position", location, country, residence, station, hire_date, contract_end_date, status, remark, photo_url, created_at, updated_at) VALUES ('228e3ef4-2e6d-4de3-955e-9f15c25e9f1e', '200418', NULL, 'ケイ カイン ミィ アウン', 'ケイカインミィアウン', 'k.khine@id.aqtor.co.jp', '1993-04-04', 'MALE', 'FULL_TIME', '開発２課', '一般', '名古屋', 'ミャンマー', '愛知県岡崎市', '名鉄線　大門駅', '2023-12-31', NULL, 'ACTIVE', 'MMC', 'Reserved_ImageAttachment_[5]_[Photo][32]_[1eb9c477c422464ab8780a7fdfcfbf67][1]_[2].png', '2026-02-03 09:06:35.391', '2026-02-03 09:06:35.391');
INSERT INTO public.employees (id, employee_number, employee_unique_number, full_name, full_name_kana, email, birth_date, gender, contract_type, department, "position", location, country, residence, station, hire_date, contract_end_date, status, remark, photo_url, created_at, updated_at) VALUES ('4906d6e3-3d55-493c-a435-5390dfbd8d1c', '200419', NULL, '村松 淳一', 'ムラマツジュンイチ', 'j.muramatsu@id.aqtor.co.jp', '1987-03-23', 'MALE', 'FULL_TIME', NULL, '一般', '名古屋', '日本', '愛知県一宮市', '名鉄本線　黒田駅', '2023-12-31', NULL, 'ACTIVE', 'MMC', 'Reserved_ImageAttachment_[5]_[Photo][32]_[ff36a653abd44aff96962206a671320e][1]_[3].png', '2026-02-03 09:06:35.405', '2026-02-03 09:06:35.405');
INSERT INTO public.employees (id, employee_number, employee_unique_number, full_name, full_name_kana, email, birth_date, gender, contract_type, department, "position", location, country, residence, station, hire_date, contract_end_date, status, remark, photo_url, created_at, updated_at) VALUES ('76ce6f5f-aff0-4a53-992d-15dd1ae1bc44', '200420', NULL, '遠藤 雄紀', 'エンドウユウキ', NULL, NULL, 'MALE', 'FULL_TIME', NULL, '一般', '名古屋', '日本', NULL, NULL, NULL, NULL, 'RESIGNED', NULL, NULL, '2026-02-03 09:06:35.441', '2026-02-03 09:06:35.441');
INSERT INTO public.employees (id, employee_number, employee_unique_number, full_name, full_name_kana, email, birth_date, gender, contract_type, department, "position", location, country, residence, station, hire_date, contract_end_date, status, remark, photo_url, created_at, updated_at) VALUES ('6511a84e-ed24-48d6-8c6a-7202e8a6569e', '500581', NULL, '天野 裕貴', 'アマノユウキ', 'y.amano@id.aqtor.co.jp', '1983-04-10', 'MALE', 'CONTRACT', '開発３課', '一般', '名古屋', '日本', '愛知県一宮市', 'JR東海道線　木曽川駅', '2021-02-21', NULL, 'ACTIVE', '豊田自動織機', 'Reserved_ImageAttachment_[5]_[Photo][32]_[c582cd77dc814c57a61f4b44e10594bf][1]_[2].png', '2026-02-03 09:06:35.452', '2026-02-03 09:06:35.452');
INSERT INTO public.employees (id, employee_number, employee_unique_number, full_name, full_name_kana, email, birth_date, gender, contract_type, department, "position", location, country, residence, station, hire_date, contract_end_date, status, remark, photo_url, created_at, updated_at) VALUES ('2f77d6c1-672f-45a4-bbf8-159ca402269e', '500609', NULL, '谷川 輝高', 'タニカワテルタカ', 't.tanikawa@id.aqtor.co.jp', '1978-04-05', 'MALE', 'CONTRACT', '開発３課', '一般', '名古屋', '日本', '愛知県常滑市', '名鉄常滑線　常滑駅', '2024-01-09', NULL, 'ACTIVE', '豊田自動織機', 'Reserved_ImageAttachment_[5]_[Photo][32]_[3bb78b11c488489fa4b01119fe2d6b25][1]_[2].png', '2026-02-03 09:06:35.483', '2026-02-03 09:06:35.483');
INSERT INTO public.employees (id, employee_number, employee_unique_number, full_name, full_name_kana, email, birth_date, gender, contract_type, department, "position", location, country, residence, station, hire_date, contract_end_date, status, remark, photo_url, created_at, updated_at) VALUES ('c84bd8bf-ffd3-459a-939e-e21b8bf53f12', '500659', NULL, '桐山 明', 'キリヤマアキラ', 'a.kiriyama@id.aqtor.co.jp', NULL, 'MALE', 'CONTRACT', NULL, '一般', '名古屋', '日本', NULL, NULL, NULL, NULL, 'RESIGNED', NULL, NULL, '2026-02-03 09:06:35.538', '2026-02-03 09:06:35.538');
INSERT INTO public.employees (id, employee_number, employee_unique_number, full_name, full_name_kana, email, birth_date, gender, contract_type, department, "position", location, country, residence, station, hire_date, contract_end_date, status, remark, photo_url, created_at, updated_at) VALUES ('89fd258a-23d1-4fc2-bf61-64ede05adf25', '500666', NULL, '都築 愼一郎', 'ツヅキシンイチロウ', NULL, '1959-01-09', 'MALE', 'CONTRACT', NULL, '一般', '名古屋', '日本', '愛知県刈谷市', NULL, '2019-01-06', NULL, 'RESIGNED', NULL, 'Reserved_ImageAttachment_[5]_[Photo][32]_[8578e90419c24bfc8d647fd5170f8510][1]_[4].jpeg', '2026-02-03 09:06:35.544', '2026-02-03 09:06:35.544');
INSERT INTO public.employees (id, employee_number, employee_unique_number, full_name, full_name_kana, email, birth_date, gender, contract_type, department, "position", location, country, residence, station, hire_date, contract_end_date, status, remark, photo_url, created_at, updated_at) VALUES ('05b5b4d0-97ae-4690-8c3c-9370e98f4a00', '500765', NULL, '伊藤 光生', 'イトウミツオ', NULL, '1964-03-30', 'MALE', 'CONTRACT', NULL, '一般', '名古屋', '日本', '愛知県名古屋市熱田区', NULL, '2023-09-30', NULL, 'RESIGNED', NULL, NULL, '2026-02-03 09:06:35.549', '2026-02-03 09:06:35.549');
INSERT INTO public.employees (id, employee_number, employee_unique_number, full_name, full_name_kana, email, birth_date, gender, contract_type, department, "position", location, country, residence, station, hire_date, contract_end_date, status, remark, photo_url, created_at, updated_at) VALUES ('03771654-a0a4-432c-a346-5109016478ad', '500767', NULL, '川澄 直美', 'カワスミナオミ', 'n.kawasumi@id.aqtor.co.jp', '1981-12-14', 'FEMALE', 'CONTRACT', '開発３課', '一般', '名古屋', '日本', '愛知県刈谷市', 'JR線　逢妻駅', '2023-03-31', NULL, 'ACTIVE', 'トヨタ紡織', 'Reserved_ImageAttachment_[5]_[Photo][32]_[fbe87f004045440ebc79b03c0e8da0d4][1]_[2].png', '2026-02-03 09:06:35.555', '2026-02-03 09:06:35.555');
INSERT INTO public.employees (id, employee_number, employee_unique_number, full_name, full_name_kana, email, birth_date, gender, contract_type, department, "position", location, country, residence, station, hire_date, contract_end_date, status, remark, photo_url, created_at, updated_at) VALUES ('ef684f29-9b89-46e2-87cc-acb4501409ba', '500768', NULL, '宮崎 敏行', 'ミヤザキトシユキ', NULL, NULL, 'MALE', 'CONTRACT', NULL, '一般', '名古屋', '日本', NULL, NULL, NULL, NULL, 'RESIGNED', NULL, NULL, '2026-02-03 09:06:35.6', '2026-02-03 09:06:35.6');
INSERT INTO public.employees (id, employee_number, employee_unique_number, full_name, full_name_kana, email, birth_date, gender, contract_type, department, "position", location, country, residence, station, hire_date, contract_end_date, status, remark, photo_url, created_at, updated_at) VALUES ('21e60fa7-25ef-4364-a82a-7c0f67f7e82d', '500774', NULL, '堂園 幸弘', 'ドウゾノユキヒロ', 'y.dozono@id.aqtor.co.jp', '1994-05-10', 'MALE', 'CONTRACT', '開発１課', '一般', '名古屋', '日本', '愛知県安城市', '名鉄線　碧海古井駅', '2023-08-24', NULL, 'ACTIVE', 'NSK', 'Reserved_ImageAttachment_[5]_[Photo][32]_[c8808b5d5dee44e4b131edc9ca342dc5][1]_[4].png', '2026-02-03 09:06:35.609', '2026-02-03 09:06:35.609');
INSERT INTO public.employees (id, employee_number, employee_unique_number, full_name, full_name_kana, email, birth_date, gender, contract_type, department, "position", location, country, residence, station, hire_date, contract_end_date, status, remark, photo_url, created_at, updated_at) VALUES ('36d21769-bd23-44c2-b2ba-3889da6c70da', '500781', NULL, '加藤 秋敏', 'カトウアキトシ', NULL, NULL, 'MALE', 'CONTRACT', NULL, '一般', '名古屋', '日本', NULL, NULL, NULL, NULL, 'RESIGNED', NULL, NULL, '2026-02-03 09:06:35.632', '2026-02-03 09:06:35.632');
INSERT INTO public.employees (id, employee_number, employee_unique_number, full_name, full_name_kana, email, birth_date, gender, contract_type, department, "position", location, country, residence, station, hire_date, contract_end_date, status, remark, photo_url, created_at, updated_at) VALUES ('4bf5d698-03f2-4cfb-a889-eecaa9dae4c7', '500783', NULL, '坂東 浩明', 'バンドウヒロアキ', NULL, NULL, 'MALE', 'CONTRACT', NULL, '一般', '名古屋', '日本', NULL, NULL, NULL, NULL, 'RESIGNED', NULL, NULL, '2026-02-03 09:06:35.64', '2026-02-03 09:06:35.64');
INSERT INTO public.employees (id, employee_number, employee_unique_number, full_name, full_name_kana, email, birth_date, gender, contract_type, department, "position", location, country, residence, station, hire_date, contract_end_date, status, remark, photo_url, created_at, updated_at) VALUES ('6bd21b60-508d-48f0-9761-6dbd9841649b', '500795', NULL, '宮下 憲二', 'ミヤシタケンジ', 'k.miyashita@id.aqtor.co.jp', '1981-07-17', 'MALE', 'CONTRACT', NULL, '一般', '名古屋', '日本', '愛知県名古屋市千種区', '東山線　東山公園駅', '2022-07-10', NULL, 'ACTIVE', '豊田自動織機', 'Reserved_ImageAttachment_[5]_[Photo][32]_[1f7c2c2beb2f4e1cafa81b1d2eea27ab][1]_[2].png', '2026-02-03 09:06:35.652', '2026-02-03 09:06:35.652');
INSERT INTO public.employees (id, employee_number, employee_unique_number, full_name, full_name_kana, email, birth_date, gender, contract_type, department, "position", location, country, residence, station, hire_date, contract_end_date, status, remark, photo_url, created_at, updated_at) VALUES ('8a543a96-7186-437b-8619-af536c542f90', '500796', NULL, '鬼頭 豊', 'キトウユタカ', 'y.kito@id.aqtor.co.jp', '1973-10-31', 'MALE', 'CONTRACT', NULL, '一般', '名古屋', '日本', '愛知県名古屋市中区', NULL, '2023-11-12', NULL, 'ACTIVE', NULL, 'Reserved_ImageAttachment_[5]_[Photo][32]_[21ed233775204c828d5ce822a0a0544c][1]_[2].jpeg', '2026-02-03 09:06:35.706', '2026-02-03 09:06:35.706');
INSERT INTO public.employees (id, employee_number, employee_unique_number, full_name, full_name_kana, email, birth_date, gender, contract_type, department, "position", location, country, residence, station, hire_date, contract_end_date, status, remark, photo_url, created_at, updated_at) VALUES ('50a7755b-1566-4f4c-9ca9-e29f30eb9b61', '500813', NULL, '伊藤 聡', 'イトウサトシ', NULL, NULL, 'MALE', 'CONTRACT', NULL, '一般', '名古屋', '日本', NULL, NULL, NULL, NULL, 'RESIGNED', NULL, NULL, '2026-02-03 09:06:35.712', '2026-02-03 09:06:35.712');
INSERT INTO public.employees (id, employee_number, employee_unique_number, full_name, full_name_kana, email, birth_date, gender, contract_type, department, "position", location, country, residence, station, hire_date, contract_end_date, status, remark, photo_url, created_at, updated_at) VALUES ('2e3089ae-96c5-442e-a100-e05a93ba2cd0', '500816', NULL, '赤羽 基文', 'アカハネモトフミ', 'm.akahane@id.aqtor.co.jp', NULL, 'MALE', 'CONTRACT', NULL, '一般', '名古屋', '日本', NULL, NULL, NULL, NULL, 'RESIGNED', NULL, NULL, '2026-02-03 09:06:35.719', '2026-02-03 09:06:35.719');
INSERT INTO public.employees (id, employee_number, employee_unique_number, full_name, full_name_kana, email, birth_date, gender, contract_type, department, "position", location, country, residence, station, hire_date, contract_end_date, status, remark, photo_url, created_at, updated_at) VALUES ('9c72997f-d002-4972-bb65-d7f09615164a', '500830', NULL, '林 幸子', 'ハヤシサチコ', 's.hayashi@id.aqtor.co.jp', '1977-12-11', 'FEMALE', 'CONTRACT', '開発３課', '一般', '名古屋', '日本', '愛知県名古屋市中村区', '名古屋市営地下鉄東山線　本陣駅', '2023-07-02', NULL, 'ACTIVE', 'マキタ', 'Reserved_ImageAttachment_[5]_[Photo][32]_[6553656b7b47463aa6b34e7eda9c608a][1]_[2].png', '2026-02-03 09:06:35.725', '2026-02-03 09:06:35.725');
INSERT INTO public.employees (id, employee_number, employee_unique_number, full_name, full_name_kana, email, birth_date, gender, contract_type, department, "position", location, country, residence, station, hire_date, contract_end_date, status, remark, photo_url, created_at, updated_at) VALUES ('1893af45-3005-4a64-920a-d836434b375f', '500833', NULL, '後藤 康仁', 'ゴトウヤスヒト', 'y.goto@id.aqtor.co.jp', '1979-10-10', 'MALE', 'CONTRACT', NULL, '一般', '名古屋', '日本', '愛知県江南市', '名鉄犬山線　江南市駅', '2023-07-31', NULL, 'ACTIVE', '東海理化電機製作所', 'Reserved_ImageAttachment_[5]_[Photo][32]_[a14f2047389048049a164723e24b46c7][1]_[3].png', '2026-02-03 09:06:35.741', '2026-02-03 09:06:35.741');
INSERT INTO public.employees (id, employee_number, employee_unique_number, full_name, full_name_kana, email, birth_date, gender, contract_type, department, "position", location, country, residence, station, hire_date, contract_end_date, status, remark, photo_url, created_at, updated_at) VALUES ('4740c8d9-4955-4a6f-901d-b0c7f67f7105', '500835', NULL, '石田 一真', 'イシダカズマ', 'k.ishida@id.aqtor.co.jp', '1991-10-25', 'MALE', 'CONTRACT', NULL, '一般', '名古屋', '日本', '愛知県半田市', '名鉄河和線　知多半田駅', '2023-08-23', NULL, 'ACTIVE', 'トヨタ紡織', 'Reserved_ImageAttachment_[5]_[Photo][32]_[453ca7c412564e21b73d3468a3b8fb90][1]_[2].png', '2026-02-03 09:06:35.758', '2026-02-03 09:06:35.758');
INSERT INTO public.employees (id, employee_number, employee_unique_number, full_name, full_name_kana, email, birth_date, gender, contract_type, department, "position", location, country, residence, station, hire_date, contract_end_date, status, remark, photo_url, created_at, updated_at) VALUES ('da77bcc5-087e-4431-bd90-8bbf034698c2', '500840', NULL, '大岩 周平', 'オオイワシュウヘイ', 's.ohiwa@id.aqtor.co.jp', '1995-12-20', 'MALE', 'CONTRACT', '開発３課', '一般', '名古屋', '日本', '愛知県大府市', 'JR東海道線　共和駅', '2023-11-05', NULL, 'ACTIVE', 'マキタ', 'Reserved_ImageAttachment_[5]_[Photo][32]_[70c8ce8dae354b6d8ffec932a0f265b8][1]_[2].png', '2026-02-03 09:06:35.776', '2026-02-03 09:06:35.776');
INSERT INTO public.employees (id, employee_number, employee_unique_number, full_name, full_name_kana, email, birth_date, gender, contract_type, department, "position", location, country, residence, station, hire_date, contract_end_date, status, remark, photo_url, created_at, updated_at) VALUES ('7bc74fe7-57b3-4f4e-a6ab-9d296bf9344d', '500841', NULL, '川浪 健一郎', 'カワナミケンイチロウ', 'k.kawanami@id.aqtor.co.jp', NULL, 'MALE', 'CONTRACT', NULL, '一般', '名古屋', '日本', NULL, NULL, NULL, NULL, 'RESIGNED', NULL, NULL, '2026-02-03 09:06:35.787', '2026-02-03 09:06:35.787');
INSERT INTO public.employees (id, employee_number, employee_unique_number, full_name, full_name_kana, email, birth_date, gender, contract_type, department, "position", location, country, residence, station, hire_date, contract_end_date, status, remark, photo_url, created_at, updated_at) VALUES ('be0c7a36-9687-4d0b-9275-78399ffe4720', '500842', NULL, '水谷 洋一', 'ミズタニヨウイチ', 'y.mizutani@id.aqtor.co.jp', '1974-02-19', 'MALE', 'CONTRACT', '開発３課', '一般', '名古屋', '日本', '愛知県蒲郡市', '名鉄本線　国府宮駅', '2023-11-19', NULL, 'ACTIVE', 'ジェイテクト', 'Reserved_ImageAttachment_[5]_[Photo][32]_[1c5d7a8fb859487b8f7a293612931b9b][1]_[2].png', '2026-02-03 09:06:34.274', '2026-02-03 09:06:35.823');
INSERT INTO public.employees (id, employee_number, employee_unique_number, full_name, full_name_kana, email, birth_date, gender, contract_type, department, "position", location, country, residence, station, hire_date, contract_end_date, status, remark, photo_url, created_at, updated_at) VALUES ('f74b9238-a7d8-4e0a-8e99-5ae8b0704857', '500846', NULL, '伊藤 充', 'イトウミツル', NULL, NULL, 'MALE', 'CONTRACT', NULL, '一般', '名古屋', '日本', NULL, NULL, NULL, NULL, 'RESIGNED', NULL, NULL, '2026-02-03 09:06:35.836', '2026-02-03 09:06:35.836');
INSERT INTO public.employees (id, employee_number, employee_unique_number, full_name, full_name_kana, email, birth_date, gender, contract_type, department, "position", location, country, residence, station, hire_date, contract_end_date, status, remark, photo_url, created_at, updated_at) VALUES ('7081d87a-cc08-42e7-b72b-9076e4a066ab', '200443', NULL, '野邊 桃花', 'ノベモモカ', 'm.nobe@id.aqtor.co.jp', '2003-05-04', 'FEMALE', 'CONTRACT', NULL, '一般', '名古屋', '日本', '愛知県名古屋市港区', 'あおなみ線　荒子川公園駅', '2024-01-15', NULL, 'ACTIVE', '住友電装', 'Reserved_ImageAttachment_[5]_[Photo][32]_[d499f7ea7635446ea71878f701ca4f3e][1]_[3].png', '2026-02-03 09:06:35.842', '2026-02-03 09:06:35.842');
INSERT INTO public.employees (id, employee_number, employee_unique_number, full_name, full_name_kana, email, birth_date, gender, contract_type, department, "position", location, country, residence, station, hire_date, contract_end_date, status, remark, photo_url, created_at, updated_at) VALUES ('aaca53a7-d7c6-4f1a-886e-4cfb8eacd7d4', '500845', NULL, '藤本 練', 'フジモトレン', NULL, NULL, 'MALE', 'CONTRACT', NULL, '一般', '名古屋', '日本', NULL, NULL, NULL, NULL, 'RESIGNED', NULL, NULL, '2026-02-03 09:06:35.853', '2026-02-03 09:06:35.853');
INSERT INTO public.employees (id, employee_number, employee_unique_number, full_name, full_name_kana, email, birth_date, gender, contract_type, department, "position", location, country, residence, station, hire_date, contract_end_date, status, remark, photo_url, created_at, updated_at) VALUES ('b060d896-472a-400e-b536-2f9b9047d1b8', '500849', NULL, '伊藤 崇晃', 'イトウタカアキ', 't.ito@id.aqtor.co.jp', NULL, 'MALE', 'CONTRACT', NULL, '一般', '名古屋', '日本', NULL, NULL, NULL, NULL, 'RESIGNED', NULL, NULL, '2026-02-03 09:06:35.86', '2026-02-03 09:06:35.86');
INSERT INTO public.employees (id, employee_number, employee_unique_number, full_name, full_name_kana, email, birth_date, gender, contract_type, department, "position", location, country, residence, station, hire_date, contract_end_date, status, remark, photo_url, created_at, updated_at) VALUES ('97d5622b-c71f-4e16-80d3-dcd97feb80c0', '500848', NULL, '小嶋 隼', 'コジマハヤト', NULL, NULL, 'MALE', 'CONTRACT', NULL, '一般', '名古屋', '日本', NULL, NULL, NULL, NULL, 'RESIGNED', NULL, NULL, '2026-02-03 09:06:35.865', '2026-02-03 09:06:35.865');
INSERT INTO public.employees (id, employee_number, employee_unique_number, full_name, full_name_kana, email, birth_date, gender, contract_type, department, "position", location, country, residence, station, hire_date, contract_end_date, status, remark, photo_url, created_at, updated_at) VALUES ('d3c9ba5c-3221-4913-8613-190fdd471658', '500779', NULL, '望月 克真', 'モチヅキカツマ', NULL, NULL, 'MALE', 'CONTRACT', NULL, '一般', '名古屋', '日本', NULL, NULL, NULL, NULL, 'RESIGNED', NULL, NULL, '2026-02-03 09:06:35.869', '2026-02-03 09:06:35.869');
INSERT INTO public.employees (id, employee_number, employee_unique_number, full_name, full_name_kana, email, birth_date, gender, contract_type, department, "position", location, country, residence, station, hire_date, contract_end_date, status, remark, photo_url, created_at, updated_at) VALUES ('f6dd0103-7469-4e85-8ccb-38753d737fdc', '200461', NULL, '坂上 昌太朗', 'サカウエショウタロウ', 's.sakaue@id.aqtor.co.jp', '1998-09-28', 'MALE', 'FULL_TIME', '開発３課', '一般', '名古屋', '日本', '兵庫県宝塚市', 'JR関西線　四日市駅', '2025-03-31', NULL, 'ACTIVE', '住友電装', 'Reserved_ImageAttachment_[5]_[Photo][32]_[55b3985ab28a480fb55da5a09de6bd32][1]_[5].png', '2026-02-03 09:06:35.877', '2026-02-03 09:06:35.877');
INSERT INTO public.employees (id, employee_number, employee_unique_number, full_name, full_name_kana, email, birth_date, gender, contract_type, department, "position", location, country, residence, station, hire_date, contract_end_date, status, remark, photo_url, created_at, updated_at) VALUES ('3452cfe0-d827-4d41-92e1-1ca1b1ffb869', '200421', NULL, '柘植 敏彦', 'ツゲトシヒコ', 't.tsuge@id.aqtor.co.jp', '1977-12-23', 'MALE', 'FULL_TIME', NULL, '一般', '名古屋', '日本', '愛知県刈谷市', '名古屋本線　小垣江駅', '2024-02-29', NULL, 'ACTIVE', 'MMC', 'Reserved_ImageAttachment_[5]_[Photo][32]_[883f8f7efdc94a40a610784a36a51e58][1]_[2].png', '2026-02-03 09:06:35.893', '2026-02-03 09:06:35.893');
INSERT INTO public.employees (id, employee_number, employee_unique_number, full_name, full_name_kana, email, birth_date, gender, contract_type, department, "position", location, country, residence, station, hire_date, contract_end_date, status, remark, photo_url, created_at, updated_at) VALUES ('ea66230f-e01d-429f-a571-400308218c1d', '500874', NULL, '宮本 翔天', 'ミヤモトショウマ', 'smiyamoto@nexcs.co.jp', '1998-09-20', 'MALE', 'CONTRACT', 'NEXCS', '一般', '大阪', '日本', '大阪府八尾市', 'JR八尾', '2025-11-30', NULL, 'ACTIVE', '株式会社クボタ', 'Reserved_ImageAttachment_[5]_[Photo][32]_[dd769487c9d9491984a5ba121f4c226a][1]_[6].jpeg', '2026-02-03 09:06:35.906', '2026-02-03 09:06:35.906');
INSERT INTO public.employees (id, employee_number, employee_unique_number, full_name, full_name_kana, email, birth_date, gender, contract_type, department, "position", location, country, residence, station, hire_date, contract_end_date, status, remark, photo_url, created_at, updated_at) VALUES ('da76661f-c9a5-4fd0-9bd9-2ff62c1ba508', '014001', NULL, '松下　英治', 'マツシタ　エイジ', 'e.matusita@csdcom.biz', '1972-11-11', 'MALE', 'FULL_TIME', 'CSD', '係長', '大阪', '日本', '京都市山科区', '山科駅', '2002-11-15', NULL, 'ACTIVE', '受託チーム（丸三タカギ）', 'Reserved_ImageAttachment_[5]_[Photo][32]_[01da301f58ad4718bedb643c155a856f][1]_[6].png', '2026-02-03 09:06:35.955', '2026-02-03 09:06:35.955');
INSERT INTO public.employees (id, employee_number, employee_unique_number, full_name, full_name_kana, email, birth_date, gender, contract_type, department, "position", location, country, residence, station, hire_date, contract_end_date, status, remark, photo_url, created_at, updated_at) VALUES ('0fba5149-87fc-472b-b12d-da1ade75ef2e', '011001', NULL, '寺岡　敬明', 'テラオカ　ヨシアキ', 'y.teraoka@csdcom.biz', '1972-05-31', 'MALE', 'FULL_TIME', 'CSD', '課長', '大阪', '日本', '奈良市六条西', '西ノ京、九条、近鉄郡山', '1998-04-05', NULL, 'ACTIVE', '株式会社アンドシステム', 'Reserved_ImageAttachment_[5]_[Photo][32]_[aa09b7b34a8b4525aeb108191707addc][1]_[1].png', '2026-02-03 09:06:35.961', '2026-02-03 09:06:35.961');
INSERT INTO public.employees (id, employee_number, employee_unique_number, full_name, full_name_kana, email, birth_date, gender, contract_type, department, "position", location, country, residence, station, hire_date, contract_end_date, status, remark, photo_url, created_at, updated_at) VALUES ('3536e1ab-0010-4552-9c52-bf9feb4f535e', '015001', NULL, '原　雄一', 'ハラ　ユウイチ', 'y.hara@csdcom.biz', '1976-07-21', 'MALE', 'FULL_TIME', 'CSD', '主任', '大阪', '日本', '大阪府茨木市', '阪急　茨木市', '2003-10-15', NULL, 'ACTIVE', 'ナショナルソフトウェア株式会社', 'Reserved_ImageAttachment_[5]_[Photo][32]_[e0b40ce4379f495a9ff743bb1cee826e][1]_[1].png', '2026-02-03 09:06:35.976', '2026-02-03 09:06:35.976');
INSERT INTO public.employees (id, employee_number, employee_unique_number, full_name, full_name_kana, email, birth_date, gender, contract_type, department, "position", location, country, residence, station, hire_date, contract_end_date, status, remark, photo_url, created_at, updated_at) VALUES ('c1763975-95a4-4cd8-89dc-e7ac85a0b70b', '018001', NULL, '田中　達広', 'タナカ　タツヒロ', 't.tanaka@csdcom.biz', '1964-10-11', 'MALE', 'CONTRACT', 'CSD', '部長', '大阪', '日本', '大阪府大阪市', '地下鉄　谷町六丁目', '2006-05-31', NULL, 'ACTIVE', '情報技術開発株式会社', 'Reserved_ImageAttachment_[5]_[Photo][32]_[0384db01aff04bf495cff8f8e9de3761][1]_[1].png', '2026-02-03 09:06:36.003', '2026-02-03 09:06:36.003');
INSERT INTO public.employees (id, employee_number, employee_unique_number, full_name, full_name_kana, email, birth_date, gender, contract_type, department, "position", location, country, residence, station, hire_date, contract_end_date, status, remark, photo_url, created_at, updated_at) VALUES ('2dfa1a2f-12d1-4126-8627-000f67025915', '026002', NULL, '﨑山　雅裕', 'サキヤマ　マサヒロ', 'm.sakiyama@csdcom.biz', '1969-11-12', 'MALE', 'FULL_TIME', 'CSD', '課長', '大阪', '日本', '大阪府大阪市', '南海　住吉東', '2014-08-17', NULL, 'ACTIVE', '情報技術開発株式会社', 'Reserved_ImageAttachment_[5]_[Photo][32]_[8ed1af3d8e444921b5ceea250454c103][1]_[1].png', '2026-02-03 09:06:36.085', '2026-02-03 09:06:36.085');
INSERT INTO public.employees (id, employee_number, employee_unique_number, full_name, full_name_kana, email, birth_date, gender, contract_type, department, "position", location, country, residence, station, hire_date, contract_end_date, status, remark, photo_url, created_at, updated_at) VALUES ('2667cf03-9835-4111-aebb-d571a58f877d', '027001', NULL, '榎谷　尚煕', 'エノタニ　ナオキ', 'n.enotani@csdcom.biz', '1994-02-08', 'MALE', 'FULL_TIME', 'CSD', '一般', '大阪', '日本', '大阪府大阪市', '地下鉄　天王寺', '2015-05-07', NULL, 'ACTIVE', '情報技術開発（NEXCS経由）', 'Reserved_ImageAttachment_[5]_[Photo][32]_[9b99b3e288cf4f3ca5c538f0813e72e8][1]_[1].png', '2026-02-03 09:06:36.133', '2026-02-03 09:06:36.133');
INSERT INTO public.employees (id, employee_number, employee_unique_number, full_name, full_name_kana, email, birth_date, gender, contract_type, department, "position", location, country, residence, station, hire_date, contract_end_date, status, remark, photo_url, created_at, updated_at) VALUES ('64cdf0a9-0f8d-4058-be27-60bbcb34f26d', '500900', NULL, '森田 高志', 'モリタ タカシ', 't.morita@id.aqtor.co.jp', '1995-09-20', 'MALE', 'CONTRACT', '開発２課', '一般', '京都', '日本', '滋賀県大津市', 'JR 瀬田駅', '2025-08-17', NULL, 'ACTIVE', 'DTS WEST', 'Reserved_ImageAttachment_[5]_[Photo][32]_[79a9fea3b11e4d11a0bc684820e968a6][1]_[4].png', '2026-02-03 09:06:36.155', '2026-02-03 09:06:36.155');
INSERT INTO public.employees (id, employee_number, employee_unique_number, full_name, full_name_kana, email, birth_date, gender, contract_type, department, "position", location, country, residence, station, hire_date, contract_end_date, status, remark, photo_url, created_at, updated_at) VALUES ('7d894339-9e49-42d1-9e78-d26a3237a0e9', '000016', NULL, '吉羽　公樹', 'ヨシバ　ヒロキ', 'hyoshiba@nexcs.co.jp', '1981-08-26', 'MALE', 'FULL_TIME', 'NEXCS', '一般', '大阪', '日本', '大阪市浪速区', 'なんば、恵美須町、今宮戎、大国町', '2012-03-31', NULL, 'ACTIVE', 'クボタ', 'Reserved_ImageAttachment_[5]_[Photo][32]_[fceb897d06514c0eb2780e39572e5463][2]_[10].png', '2026-02-03 09:06:36.215', '2026-02-03 09:06:36.215');
INSERT INTO public.employees (id, employee_number, employee_unique_number, full_name, full_name_kana, email, birth_date, gender, contract_type, department, "position", location, country, residence, station, hire_date, contract_end_date, status, remark, photo_url, created_at, updated_at) VALUES ('afaa28c4-56da-4404-9759-4371d076ff41', '000026', NULL, '山崎　正義', 'ヤマザキ　マサヨシ', 'myamazaki@nexcs.co.jp', '1987-04-20', 'MALE', 'FULL_TIME', 'NEXCS', '一般', '大阪', '日本', '大阪府寝屋川市', '京阪　萱島', '2016-01-31', NULL, 'ACTIVE', '情報技術開発', 'Reserved_ImageAttachment_[5]_[Photo][32]_[8e2136b1193b4858987e7f8d270b7ae7][1]_[6].png', '2026-02-03 09:06:36.244', '2026-02-03 09:06:36.244');
INSERT INTO public.employees (id, employee_number, employee_unique_number, full_name, full_name_kana, email, birth_date, gender, contract_type, department, "position", location, country, residence, station, hire_date, contract_end_date, status, remark, photo_url, created_at, updated_at) VALUES ('9f9fd4da-a669-423c-a9b6-1b4a88622bd5', '000038', NULL, '大石　雅也', 'オオイシ　マサヤ', 'moishi@nexcs.co.jp', '1993-08-13', 'MALE', 'FULL_TIME', 'NEXCS', '一般', '大阪', '日本', '大阪府吹田市', '桜井（阪急）、小路（モノレール）', '2019-09-30', NULL, 'ACTIVE', 'クボタ', 'Reserved_ImageAttachment_[5]_[Photo][32]_[28a237877f8e44ad9ec068865ddc702a][1]_[6].png', '2026-02-03 09:06:36.296', '2026-02-03 09:06:36.296');
INSERT INTO public.employees (id, employee_number, employee_unique_number, full_name, full_name_kana, email, birth_date, gender, contract_type, department, "position", location, country, residence, station, hire_date, contract_end_date, status, remark, photo_url, created_at, updated_at) VALUES ('a36dbbe2-d284-4635-838e-58a199150a87', '000040', NULL, '坂本　満利', 'サカモト　ミツトシ', 'msakamoto@nexcs.co.jp', '1972-11-06', 'MALE', 'FULL_TIME', 'NEXCS', '一般', '大阪', '日本', '大阪府大阪市', '地下鉄　あびこ', '2020-06-30', NULL, 'ACTIVE', 'NX・NPロジスティクス', 'Reserved_ImageAttachment_[5]_[Photo][32]_[10c79c1da48643b9804d71a22897fc2a][1]_[6].png', '2026-02-03 09:06:36.352', '2026-02-03 09:06:36.352');
INSERT INTO public.employees (id, employee_number, employee_unique_number, full_name, full_name_kana, email, birth_date, gender, contract_type, department, "position", location, country, residence, station, hire_date, contract_end_date, status, remark, photo_url, created_at, updated_at) VALUES ('14e8a986-a474-40f3-a899-2195105464bb', '000044', NULL, '清水　妥香', 'シミズ　ヤスカ', 'yshimizu@nexcs.co.jp', '1994-12-21', 'FEMALE', 'FULL_TIME', 'NEXCS', '一般', '大阪', '日本', '大阪府豊中市', '阪急　蛍池', '2022-04-06', NULL, 'ACTIVE', 'NX・NPロジスティクス', 'Reserved_ImageAttachment_[5]_[Photo][32]_[2a2d9ed3af804c5ea57d96e6a2c25770][1]_[6].png', '2026-02-03 09:06:36.44', '2026-02-03 09:06:36.44');
INSERT INTO public.employees (id, employee_number, employee_unique_number, full_name, full_name_kana, email, birth_date, gender, contract_type, department, "position", location, country, residence, station, hire_date, contract_end_date, status, remark, photo_url, created_at, updated_at) VALUES ('778b8f8c-d41f-462f-8fde-9c4aad4b87e9', '000004', NULL, '黒江　倫加', 'クロエ　トモカ', 'tkuroe@nexcs.co.jp', '1977-07-14', 'FEMALE', 'FULL_TIME', 'NEXCS', '係長', '大阪', '日本', '大阪府泉佐野市', '熊取', '2008-09-30', NULL, 'ACTIVE', '株式会社クボタ', 'Reserved_ImageAttachment_[5]_[Photo][32]_[b3e83234d3ab4f0296531767fbfddd03][2]_[12].png', '2026-02-03 09:06:36.193', '2026-02-03 09:19:44.303');
INSERT INTO public.employees (id, employee_number, employee_unique_number, full_name, full_name_kana, email, birth_date, gender, contract_type, department, "position", location, country, residence, station, hire_date, contract_end_date, status, remark, photo_url, created_at, updated_at) VALUES ('71b08dce-1912-4039-b795-b47491283609', 'EMP0001', NULL, '山本 太郎', 'ヤマモト タロウ', 'yamamoto@example.com', '1990-04-15', 'MALE', 'FULL_TIME', '開発部', 'シニアエンジニア', NULL, NULL, NULL, NULL, '2015-04-01', NULL, 'ACTIVE', NULL, NULL, '2026-02-03 07:57:02.597', '2026-02-03 07:57:02.597');


ALTER TABLE public.employees ENABLE TRIGGER ALL;

--
-- Data for Name: tag_categories; Type: TABLE DATA; Schema: public; Owner: employee_user
--

ALTER TABLE public.tag_categories DISABLE TRIGGER ALL;

INSERT INTO public.tag_categories (id, code, name, parent_id, sort_order, created_at) VALUES ('5510f013-298e-4e06-87c8-6b6aaea0f274', 'PROC', '工程', NULL, 1, '2026-02-03 07:57:01.748');
INSERT INTO public.tag_categories (id, code, name, parent_id, sort_order, created_at) VALUES ('3c7cc157-2a8a-4b0c-b436-20f1ae89221a', 'TECH_LANG', '言語・ランタイム', NULL, 2, '2026-02-03 07:57:01.786');
INSERT INTO public.tag_categories (id, code, name, parent_id, sort_order, created_at) VALUES ('6e5b51ab-5e31-402b-8fd6-01ba50886bfe', 'TECH_CAD', '機構・回路・CAE', NULL, 3, '2026-02-03 07:57:01.793');


ALTER TABLE public.tag_categories ENABLE TRIGGER ALL;

--
-- Data for Name: tags; Type: TABLE DATA; Schema: public; Owner: employee_user
--

ALTER TABLE public.tags DISABLE TRIGGER ALL;

INSERT INTO public.tags (id, category_id, name, sort_order, created_at) VALUES ('81d52249-b9ac-48d9-ad9a-1421396b4e34', '5510f013-298e-4e06-87c8-6b6aaea0f274', '要件定義', 1, '2026-02-03 07:57:01.799');
INSERT INTO public.tags (id, category_id, name, sort_order, created_at) VALUES ('888042bd-e8e0-453a-8eb2-ae4f71219373', '5510f013-298e-4e06-87c8-6b6aaea0f274', '基本設計', 2, '2026-02-03 07:57:01.803');
INSERT INTO public.tags (id, category_id, name, sort_order, created_at) VALUES ('31f5aa6c-d3b0-4f2c-9483-6387874dc3ae', '5510f013-298e-4e06-87c8-6b6aaea0f274', '詳細設計', 3, '2026-02-03 07:57:01.807');
INSERT INTO public.tags (id, category_id, name, sort_order, created_at) VALUES ('0b60be74-7806-41cc-ae06-cb1fbfc3c9da', '5510f013-298e-4e06-87c8-6b6aaea0f274', '実装', 4, '2026-02-03 07:57:01.809');
INSERT INTO public.tags (id, category_id, name, sort_order, created_at) VALUES ('3804f29a-d6e6-4340-8af1-6f93b787e0ab', '5510f013-298e-4e06-87c8-6b6aaea0f274', '単体テスト', 5, '2026-02-03 07:57:01.813');
INSERT INTO public.tags (id, category_id, name, sort_order, created_at) VALUES ('e78b1704-57ae-43d3-afd8-a6d0f12f26dc', '5510f013-298e-4e06-87c8-6b6aaea0f274', '結合テスト', 6, '2026-02-03 07:57:01.817');
INSERT INTO public.tags (id, category_id, name, sort_order, created_at) VALUES ('fa07dd0a-f4e7-478e-97fb-de7649957730', '5510f013-298e-4e06-87c8-6b6aaea0f274', 'システムテスト', 7, '2026-02-03 07:57:01.821');
INSERT INTO public.tags (id, category_id, name, sort_order, created_at) VALUES ('3824dd9e-d67a-4361-9a53-6fe88c818621', '5510f013-298e-4e06-87c8-6b6aaea0f274', '受入テスト', 8, '2026-02-03 07:57:01.828');
INSERT INTO public.tags (id, category_id, name, sort_order, created_at) VALUES ('9939462a-489b-443e-bb7f-d1dbf22a1355', '5510f013-298e-4e06-87c8-6b6aaea0f274', 'テスト設計', 9, '2026-02-03 07:57:01.832');
INSERT INTO public.tags (id, category_id, name, sort_order, created_at) VALUES ('27e46ce8-9124-42fa-b5a4-7e7f63180306', '5510f013-298e-4e06-87c8-6b6aaea0f274', 'テスト実施', 10, '2026-02-03 07:57:01.836');
INSERT INTO public.tags (id, category_id, name, sort_order, created_at) VALUES ('7a65f191-aca7-4d44-a6dd-586cf429049f', '5510f013-298e-4e06-87c8-6b6aaea0f274', '不具合解析', 11, '2026-02-03 07:57:01.84');
INSERT INTO public.tags (id, category_id, name, sort_order, created_at) VALUES ('68af99ec-38ae-4599-8991-021cf499b0ff', '5510f013-298e-4e06-87c8-6b6aaea0f274', 'レビュー', 12, '2026-02-03 07:57:01.844');
INSERT INTO public.tags (id, category_id, name, sort_order, created_at) VALUES ('aae367bd-a340-44a5-8930-76a8c0110ad8', '5510f013-298e-4e06-87c8-6b6aaea0f274', '運用設計', 13, '2026-02-03 07:57:01.846');
INSERT INTO public.tags (id, category_id, name, sort_order, created_at) VALUES ('9f193133-47b4-47e6-9c0a-111f528416a5', '5510f013-298e-4e06-87c8-6b6aaea0f274', '運用保守', 14, '2026-02-03 07:57:01.849');
INSERT INTO public.tags (id, category_id, name, sort_order, created_at) VALUES ('2819cb12-8f63-4254-84b7-37fcdaf8ebb6', '5510f013-298e-4e06-87c8-6b6aaea0f274', '監視運用', 15, '2026-02-03 07:57:01.852');
INSERT INTO public.tags (id, category_id, name, sort_order, created_at) VALUES ('4c667aaa-849a-49fd-b069-079abc259c4f', '5510f013-298e-4e06-87c8-6b6aaea0f274', '性能検証', 16, '2026-02-03 07:57:01.854');
INSERT INTO public.tags (id, category_id, name, sort_order, created_at) VALUES ('cfaeeb1d-9b64-47eb-9d3a-699c2e09d60c', '5510f013-298e-4e06-87c8-6b6aaea0f274', '障害対応', 17, '2026-02-03 07:57:01.857');
INSERT INTO public.tags (id, category_id, name, sort_order, created_at) VALUES ('dee14e4f-a366-4a71-9de4-349ca590c708', '5510f013-298e-4e06-87c8-6b6aaea0f274', '改修保守', 18, '2026-02-03 07:57:01.86');
INSERT INTO public.tags (id, category_id, name, sort_order, created_at) VALUES ('905adf5d-2a29-4cc7-84a8-fd02be6e2736', '3c7cc157-2a8a-4b0c-b436-20f1ae89221a', 'C', 1, '2026-02-03 07:57:01.863');
INSERT INTO public.tags (id, category_id, name, sort_order, created_at) VALUES ('080387f7-db87-470a-bddb-2bf2daf0ecbc', '3c7cc157-2a8a-4b0c-b436-20f1ae89221a', 'C++', 2, '2026-02-03 07:57:01.865');
INSERT INTO public.tags (id, category_id, name, sort_order, created_at) VALUES ('456e2d5f-837f-415d-86c1-ef59f8fd5874', '3c7cc157-2a8a-4b0c-b436-20f1ae89221a', 'C#', 3, '2026-02-03 07:57:01.867');
INSERT INTO public.tags (id, category_id, name, sort_order, created_at) VALUES ('1dd27867-7015-4b12-947e-5d2752ca77e0', '3c7cc157-2a8a-4b0c-b436-20f1ae89221a', 'Java', 4, '2026-02-03 07:57:01.87');
INSERT INTO public.tags (id, category_id, name, sort_order, created_at) VALUES ('7e1a835b-29e3-4442-bb12-d6066ad8c339', '3c7cc157-2a8a-4b0c-b436-20f1ae89221a', 'Python', 5, '2026-02-03 07:57:01.873');
INSERT INTO public.tags (id, category_id, name, sort_order, created_at) VALUES ('0d14a634-8c4e-4a2b-8e7c-f9576e17d387', '3c7cc157-2a8a-4b0c-b436-20f1ae89221a', 'JavaScript', 6, '2026-02-03 07:57:01.875');
INSERT INTO public.tags (id, category_id, name, sort_order, created_at) VALUES ('84faf41e-eea0-4f0a-974e-f25c164602b8', '3c7cc157-2a8a-4b0c-b436-20f1ae89221a', 'TypeScript', 7, '2026-02-03 07:57:01.878');
INSERT INTO public.tags (id, category_id, name, sort_order, created_at) VALUES ('1ca71761-591b-4cc0-9e05-2edb24529ff1', '3c7cc157-2a8a-4b0c-b436-20f1ae89221a', 'Go', 8, '2026-02-03 07:57:01.881');
INSERT INTO public.tags (id, category_id, name, sort_order, created_at) VALUES ('6e90eda1-7846-4628-969d-c217fbfac6eb', '3c7cc157-2a8a-4b0c-b436-20f1ae89221a', 'Rust', 9, '2026-02-03 07:57:01.884');
INSERT INTO public.tags (id, category_id, name, sort_order, created_at) VALUES ('60b36572-c09f-4896-a939-faeafea1f823', '3c7cc157-2a8a-4b0c-b436-20f1ae89221a', 'PHP', 10, '2026-02-03 07:57:01.886');
INSERT INTO public.tags (id, category_id, name, sort_order, created_at) VALUES ('f0243e6a-deeb-490f-b75e-f5433abfaf91', '3c7cc157-2a8a-4b0c-b436-20f1ae89221a', 'Ruby', 11, '2026-02-03 07:57:01.895');
INSERT INTO public.tags (id, category_id, name, sort_order, created_at) VALUES ('ed325461-a371-462d-b6e1-9300c723d02c', '3c7cc157-2a8a-4b0c-b436-20f1ae89221a', 'SQL', 12, '2026-02-03 07:57:01.898');
INSERT INTO public.tags (id, category_id, name, sort_order, created_at) VALUES ('c9970580-9412-4136-b435-099fccdf50fa', '3c7cc157-2a8a-4b0c-b436-20f1ae89221a', 'VBA', 13, '2026-02-03 07:57:01.901');
INSERT INTO public.tags (id, category_id, name, sort_order, created_at) VALUES ('dae2e48c-7235-4867-8064-52ace1a3583f', '3c7cc157-2a8a-4b0c-b436-20f1ae89221a', 'Bash', 14, '2026-02-03 07:57:01.904');
INSERT INTO public.tags (id, category_id, name, sort_order, created_at) VALUES ('f73150f2-49e7-4a48-a543-7c36f25c579a', '3c7cc157-2a8a-4b0c-b436-20f1ae89221a', 'PowerShell', 15, '2026-02-03 07:57:01.907');
INSERT INTO public.tags (id, category_id, name, sort_order, created_at) VALUES ('fb07d6dd-91bb-4fda-978d-fe09e1bf673d', '3c7cc157-2a8a-4b0c-b436-20f1ae89221a', 'HTML', 16, '2026-02-03 07:57:01.909');
INSERT INTO public.tags (id, category_id, name, sort_order, created_at) VALUES ('5d955475-42c2-47ed-94ca-5f6e20ff46b7', '3c7cc157-2a8a-4b0c-b436-20f1ae89221a', 'CSS', 17, '2026-02-03 07:57:01.911');
INSERT INTO public.tags (id, category_id, name, sort_order, created_at) VALUES ('91f8b5ba-9aa7-41bb-9501-4028e0365587', '3c7cc157-2a8a-4b0c-b436-20f1ae89221a', '.NET', 18, '2026-02-03 07:57:01.913');
INSERT INTO public.tags (id, category_id, name, sort_order, created_at) VALUES ('60a1cc69-c27b-418f-914f-02f2efb76978', '3c7cc157-2a8a-4b0c-b436-20f1ae89221a', 'Node.js', 19, '2026-02-03 07:57:01.915');
INSERT INTO public.tags (id, category_id, name, sort_order, created_at) VALUES ('836da290-f97f-42e9-bc68-ba1e961f084f', '3c7cc157-2a8a-4b0c-b436-20f1ae89221a', 'MATLAB', 20, '2026-02-03 07:57:01.918');
INSERT INTO public.tags (id, category_id, name, sort_order, created_at) VALUES ('a02c4ed9-6cf8-475e-87fe-d06b51f5c862', '6e5b51ab-5e31-402b-8fd6-01ba50886bfe', '3D CAD', 1, '2026-02-03 07:57:01.92');
INSERT INTO public.tags (id, category_id, name, sort_order, created_at) VALUES ('846b3d36-7e60-448d-8dd5-35bcffca05b4', '6e5b51ab-5e31-402b-8fd6-01ba50886bfe', '2D CAD', 2, '2026-02-03 07:57:01.922');
INSERT INTO public.tags (id, category_id, name, sort_order, created_at) VALUES ('99f75ea1-ade2-4043-88aa-fbb47c4fda7c', '6e5b51ab-5e31-402b-8fd6-01ba50886bfe', 'SolidWorks', 3, '2026-02-03 07:57:01.924');
INSERT INTO public.tags (id, category_id, name, sort_order, created_at) VALUES ('0a5a5570-c16e-4686-ae78-b60461fe3e77', '6e5b51ab-5e31-402b-8fd6-01ba50886bfe', 'CATIA', 4, '2026-02-03 07:57:01.927');
INSERT INTO public.tags (id, category_id, name, sort_order, created_at) VALUES ('14eb7ba5-ff39-4add-8723-7a931bf8bcff', '6e5b51ab-5e31-402b-8fd6-01ba50886bfe', 'Creo', 5, '2026-02-03 07:57:01.93');
INSERT INTO public.tags (id, category_id, name, sort_order, created_at) VALUES ('924573d3-7478-4961-b21f-bc0f0f5d596b', '6e5b51ab-5e31-402b-8fd6-01ba50886bfe', 'AutoCAD', 6, '2026-02-03 07:57:01.932');
INSERT INTO public.tags (id, category_id, name, sort_order, created_at) VALUES ('c22bc25b-d067-4c24-8feb-bdb0daf259b1', '6e5b51ab-5e31-402b-8fd6-01ba50886bfe', '公差設計', 7, '2026-02-03 07:57:01.935');
INSERT INTO public.tags (id, category_id, name, sort_order, created_at) VALUES ('cd7f7721-e91d-4f3c-8920-19a66a12b1e2', '6e5b51ab-5e31-402b-8fd6-01ba50886bfe', '材料選定', 8, '2026-02-03 07:57:01.937');
INSERT INTO public.tags (id, category_id, name, sort_order, created_at) VALUES ('8c0b44a0-32a6-45e7-af56-62450316f456', '6e5b51ab-5e31-402b-8fd6-01ba50886bfe', '熱設計（機構）', 9, '2026-02-03 07:57:01.939');
INSERT INTO public.tags (id, category_id, name, sort_order, created_at) VALUES ('73edb437-7d4c-454b-a9ec-c94c802fa6dc', '6e5b51ab-5e31-402b-8fd6-01ba50886bfe', '試作対応', 10, '2026-02-03 07:57:01.942');
INSERT INTO public.tags (id, category_id, name, sort_order, created_at) VALUES ('05f42403-e7e4-46b0-b5d4-f4b5e81f467e', '6e5b51ab-5e31-402b-8fd6-01ba50886bfe', '量産対応', 11, '2026-02-03 07:57:01.944');
INSERT INTO public.tags (id, category_id, name, sort_order, created_at) VALUES ('0752d0c7-4680-4844-8092-d8173255e53f', '6e5b51ab-5e31-402b-8fd6-01ba50886bfe', '回路設計（アナログ）', 12, '2026-02-03 07:57:01.946');
INSERT INTO public.tags (id, category_id, name, sort_order, created_at) VALUES ('0793232a-914b-424e-b728-f165ff99a800', '6e5b51ab-5e31-402b-8fd6-01ba50886bfe', '回路設計（デジタル）', 13, '2026-02-03 07:57:01.948');
INSERT INTO public.tags (id, category_id, name, sort_order, created_at) VALUES ('41c8fbd6-f26c-41b7-8187-75f045d936ab', '6e5b51ab-5e31-402b-8fd6-01ba50886bfe', '電源回路', 14, '2026-02-03 07:57:01.95');
INSERT INTO public.tags (id, category_id, name, sort_order, created_at) VALUES ('346ae186-a5c5-4197-812c-a4459533c563', '6e5b51ab-5e31-402b-8fd6-01ba50886bfe', 'PCB設計', 15, '2026-02-03 07:57:01.953');
INSERT INTO public.tags (id, category_id, name, sort_order, created_at) VALUES ('005e28d7-5fd5-4d8e-b77a-4011ead8f291', '6e5b51ab-5e31-402b-8fd6-01ba50886bfe', 'Altium', 16, '2026-02-03 07:57:01.955');
INSERT INTO public.tags (id, category_id, name, sort_order, created_at) VALUES ('d3bfc92b-9adf-4c82-8069-011a112aca72', '6e5b51ab-5e31-402b-8fd6-01ba50886bfe', 'KiCad', 17, '2026-02-03 07:57:01.957');
INSERT INTO public.tags (id, category_id, name, sort_order, created_at) VALUES ('7636beff-815a-42ef-8db0-5a9e39a9e2a8', '6e5b51ab-5e31-402b-8fd6-01ba50886bfe', 'EMI/EMC対策', 18, '2026-02-03 07:57:01.959');
INSERT INTO public.tags (id, category_id, name, sort_order, created_at) VALUES ('94a7b59c-ee96-4011-b2ca-a32bfe224743', '6e5b51ab-5e31-402b-8fd6-01ba50886bfe', '評価・検証（電気）', 19, '2026-02-03 07:57:01.961');
INSERT INTO public.tags (id, category_id, name, sort_order, created_at) VALUES ('99092a07-c32b-4abc-aabc-a982b512fd1f', '6e5b51ab-5e31-402b-8fd6-01ba50886bfe', 'CAE', 20, '2026-02-03 07:57:01.964');
INSERT INTO public.tags (id, category_id, name, sort_order, created_at) VALUES ('9fae3935-8794-4b4e-b8cb-f581d703c0e3', '6e5b51ab-5e31-402b-8fd6-01ba50886bfe', '構造解析（FEM）', 21, '2026-02-03 07:57:01.966');
INSERT INTO public.tags (id, category_id, name, sort_order, created_at) VALUES ('a174c013-c714-4b5b-99e7-5cc7eca6e4a2', '6e5b51ab-5e31-402b-8fd6-01ba50886bfe', '熱解析', 22, '2026-02-03 07:57:01.968');
INSERT INTO public.tags (id, category_id, name, sort_order, created_at) VALUES ('13e17377-b9b0-4f5f-b401-fe7e76b0ad9e', '6e5b51ab-5e31-402b-8fd6-01ba50886bfe', '流体解析（CFD）', 23, '2026-02-03 07:57:01.971');
INSERT INTO public.tags (id, category_id, name, sort_order, created_at) VALUES ('ef5e1eba-65d0-4635-84dc-06572892e1f6', '6e5b51ab-5e31-402b-8fd6-01ba50886bfe', '振動解析', 24, '2026-02-03 07:57:01.973');
INSERT INTO public.tags (id, category_id, name, sort_order, created_at) VALUES ('d882c77a-4dea-4b35-b42a-b61ff4c07487', '6e5b51ab-5e31-402b-8fd6-01ba50886bfe', 'ANSYS', 25, '2026-02-03 07:57:01.976');
INSERT INTO public.tags (id, category_id, name, sort_order, created_at) VALUES ('5609ec82-86c9-49dc-9399-0ea5f333275d', '6e5b51ab-5e31-402b-8fd6-01ba50886bfe', 'Abaqus', 26, '2026-02-03 07:57:01.978');
INSERT INTO public.tags (id, category_id, name, sort_order, created_at) VALUES ('0411657c-d9ac-4962-a8ab-b9e478cc2f6a', '3c7cc157-2a8a-4b0c-b436-20f1ae89221a', 'ASP', 0, '2026-02-03 09:06:32.762');
INSERT INTO public.tags (id, category_id, name, sort_order, created_at) VALUES ('7f66f03b-64cd-4972-a52e-a2b449cb57f6', '3c7cc157-2a8a-4b0c-b436-20f1ae89221a', '評価実施', 0, '2026-02-03 09:06:32.777');
INSERT INTO public.tags (id, category_id, name, sort_order, created_at) VALUES ('42fd6906-68c3-42b5-9e45-dd1609afbc81', '3c7cc157-2a8a-4b0c-b436-20f1ae89221a', '評価設計/実施', 0, '2026-02-03 09:06:32.812');
INSERT INTO public.tags (id, category_id, name, sort_order, created_at) VALUES ('bf38e19d-9d35-44bd-afce-e388b9bf6eea', '3c7cc157-2a8a-4b0c-b436-20f1ae89221a', 'RPA', 0, '2026-02-03 09:06:32.819');
INSERT INTO public.tags (id, category_id, name, sort_order, created_at) VALUES ('66bf04ea-0226-40f6-b5fa-619fe23dcc10', '3c7cc157-2a8a-4b0c-b436-20f1ae89221a', '要件定義', 0, '2026-02-03 09:06:32.827');
INSERT INTO public.tags (id, category_id, name, sort_order, created_at) VALUES ('5e03a095-ad33-4098-863b-adc588b1f358', '3c7cc157-2a8a-4b0c-b436-20f1ae89221a', 'C言語/C++（詳細設計～）', 0, '2026-02-03 09:06:32.843');
INSERT INTO public.tags (id, category_id, name, sort_order, created_at) VALUES ('73f9e60e-fd63-4bdc-a1cf-29575178fa41', '3c7cc157-2a8a-4b0c-b436-20f1ae89221a', 'C言語（基本設計～テストまで）', 0, '2026-02-03 09:06:32.915');
INSERT INTO public.tags (id, category_id, name, sort_order, created_at) VALUES ('709ea716-7d5f-4abd-ab35-21ca6bb18a41', '3c7cc157-2a8a-4b0c-b436-20f1ae89221a', 'Javascript', 0, '2026-02-03 09:06:32.96');
INSERT INTO public.tags (id, category_id, name, sort_order, created_at) VALUES ('0f3649f5-637e-42ca-b3fe-664bd3023936', '3c7cc157-2a8a-4b0c-b436-20f1ae89221a', 'HTML/CSS（要件定義', 0, '2026-02-03 09:06:32.98');
INSERT INTO public.tags (id, category_id, name, sort_order, created_at) VALUES ('29075fab-9147-4390-8431-71ce8818169f', '3c7cc157-2a8a-4b0c-b436-20f1ae89221a', '詳細設計～）', 0, '2026-02-03 09:06:32.995');
INSERT INTO public.tags (id, category_id, name, sort_order, created_at) VALUES ('ea58ec3a-3403-4ef2-894f-9fd449c0d86c', '3c7cc157-2a8a-4b0c-b436-20f1ae89221a', 'Sales force', 0, '2026-02-03 09:06:33.012');
INSERT INTO public.tags (id, category_id, name, sort_order, created_at) VALUES ('465bf095-e2ab-4a7d-a505-8f2a54463ddc', '3c7cc157-2a8a-4b0c-b436-20f1ae89221a', '運用保守', 0, '2026-02-03 09:06:33.026');
INSERT INTO public.tags (id, category_id, name, sort_order, created_at) VALUES ('1d620dbc-32b9-490e-934d-acc9a7147026', '3c7cc157-2a8a-4b0c-b436-20f1ae89221a', 'C言語/C++（要件定義～）', 0, '2026-02-03 09:06:33.059');
INSERT INTO public.tags (id, category_id, name, sort_order, created_at) VALUES ('8b4e58c8-d61f-47bd-8475-81f75cae3180', '3c7cc157-2a8a-4b0c-b436-20f1ae89221a', 'C言語/C++', 0, '2026-02-03 09:06:33.072');
INSERT INTO public.tags (id, category_id, name, sort_order, created_at) VALUES ('3c098977-d445-4dfd-8eb3-98f5dd786625', '3c7cc157-2a8a-4b0c-b436-20f1ae89221a', 'Python（要件定義', 0, '2026-02-03 09:06:33.086');
INSERT INTO public.tags (id, category_id, name, sort_order, created_at) VALUES ('d9ff5448-3c01-4e13-8619-b8e7cf60ebe6', '3c7cc157-2a8a-4b0c-b436-20f1ae89221a', 'プログラミング講師', 0, '2026-02-03 09:06:33.102');
INSERT INTO public.tags (id, category_id, name, sort_order, created_at) VALUES ('2d1db03d-b3f8-410c-b8c3-2a0aca29a9d6', '3c7cc157-2a8a-4b0c-b436-20f1ae89221a', 'テスト設計/実施', 0, '2026-02-03 09:06:33.128');
INSERT INTO public.tags (id, category_id, name, sort_order, created_at) VALUES ('544f7cdf-a9cf-4e58-858f-8a7213c7860e', '3c7cc157-2a8a-4b0c-b436-20f1ae89221a', 'C言語(少し)', 0, '2026-02-03 09:06:33.158');
INSERT INTO public.tags (id, category_id, name, sort_order, created_at) VALUES ('3d6fb537-7163-40f4-bd04-3b52e16a57d9', '3c7cc157-2a8a-4b0c-b436-20f1ae89221a', 'C言語', 0, '2026-02-03 09:06:33.17');
INSERT INTO public.tags (id, category_id, name, sort_order, created_at) VALUES ('5c0da834-70d2-4488-807e-6be939c2cad5', '3c7cc157-2a8a-4b0c-b436-20f1ae89221a', 'C++（テスト～）', 0, '2026-02-03 09:06:33.178');
INSERT INTO public.tags (id, category_id, name, sort_order, created_at) VALUES ('68e02bee-e53e-4793-90ae-f309d3e6b272', '3c7cc157-2a8a-4b0c-b436-20f1ae89221a', 'HTML/CSS（基本設計～テストまで）', 0, '2026-02-03 09:06:33.221');
INSERT INTO public.tags (id, category_id, name, sort_order, created_at) VALUES ('c73d4e3c-0bcb-4829-a266-63f0aa62448c', '3c7cc157-2a8a-4b0c-b436-20f1ae89221a', '評価自動化（Ranorex）', 0, '2026-02-03 09:06:33.233');
INSERT INTO public.tags (id, category_id, name, sort_order, created_at) VALUES ('1c9e6a45-d7d3-46c4-978d-6575a61039e2', '3c7cc157-2a8a-4b0c-b436-20f1ae89221a', 'MySQL', 0, '2026-02-03 09:06:33.286');
INSERT INTO public.tags (id, category_id, name, sort_order, created_at) VALUES ('34698886-e763-410c-afe8-20e5f412bc7e', '3c7cc157-2a8a-4b0c-b436-20f1ae89221a', '評価設計/実施（ソフトではなくハード）', 0, '2026-02-03 09:06:33.37');
INSERT INTO public.tags (id, category_id, name, sort_order, created_at) VALUES ('4717ba5a-3c17-4c20-b471-a006e2be49ae', '3c7cc157-2a8a-4b0c-b436-20f1ae89221a', 'オシロ', 0, '2026-02-03 09:06:33.38');
INSERT INTO public.tags (id, category_id, name, sort_order, created_at) VALUES ('29270354-a6ca-460f-85a9-f4202fda82e7', '3c7cc157-2a8a-4b0c-b436-20f1ae89221a', 'C＋＋', 0, '2026-02-03 09:06:33.419');
INSERT INTO public.tags (id, category_id, name, sort_order, created_at) VALUES ('966b4b60-2b02-423a-801d-320e918db2cd', '3c7cc157-2a8a-4b0c-b436-20f1ae89221a', 'Python（詳細設計～テスト）', 0, '2026-02-03 09:06:33.428');
INSERT INTO public.tags (id, category_id, name, sort_order, created_at) VALUES ('f547131e-9e0f-4fff-a6a0-e5ca7cb0acab', '3c7cc157-2a8a-4b0c-b436-20f1ae89221a', 'Javascript（詳細設計～テスト）', 0, '2026-02-03 09:06:33.486');
INSERT INTO public.tags (id, category_id, name, sort_order, created_at) VALUES ('0fe5ae8e-ca14-48af-8d4c-595572661bee', '3c7cc157-2a8a-4b0c-b436-20f1ae89221a', 'HTML/CSS（詳細設計～テストまで）', 0, '2026-02-03 09:06:33.519');
INSERT INTO public.tags (id, category_id, name, sort_order, created_at) VALUES ('a54fa3bc-72c5-40b0-9bc8-f5cf9735513f', '3c7cc157-2a8a-4b0c-b436-20f1ae89221a', '上流工程', 0, '2026-02-03 09:06:33.549');
INSERT INTO public.tags (id, category_id, name, sort_order, created_at) VALUES ('689dc9bb-1132-473b-b350-83be038736e2', '3c7cc157-2a8a-4b0c-b436-20f1ae89221a', 'サーバー', 0, '2026-02-03 09:06:33.558');
INSERT INTO public.tags (id, category_id, name, sort_order, created_at) VALUES ('bd553c78-98eb-413b-8b80-cef8ee5466a5', '3c7cc157-2a8a-4b0c-b436-20f1ae89221a', 'セキュリティ', 0, '2026-02-03 09:06:33.566');
INSERT INTO public.tags (id, category_id, name, sort_order, created_at) VALUES ('60edef5a-c245-4aa7-8430-d250e855461d', '3c7cc157-2a8a-4b0c-b436-20f1ae89221a', 'プロジェクト管理', 0, '2026-02-03 09:06:33.596');
INSERT INTO public.tags (id, category_id, name, sort_order, created_at) VALUES ('1730dd1b-38cc-44b6-b155-e40049de2869', '3c7cc157-2a8a-4b0c-b436-20f1ae89221a', 'Kotlin', 0, '2026-02-03 09:06:33.624');
INSERT INTO public.tags (id, category_id, name, sort_order, created_at) VALUES ('2292a41d-1d51-4fb5-ae75-f5b4e469ea85', '3c7cc157-2a8a-4b0c-b436-20f1ae89221a', 'Redmaine', 0, '2026-02-03 09:06:33.636');
INSERT INTO public.tags (id, category_id, name, sort_order, created_at) VALUES ('f7dca3f5-845f-4919-8b12-78584e6ac61a', '3c7cc157-2a8a-4b0c-b436-20f1ae89221a', 'UML
OS:Eclipse', 0, '2026-02-03 09:06:33.65');
INSERT INTO public.tags (id, category_id, name, sort_order, created_at) VALUES ('1918ed94-b5bf-46b1-94d7-2293a7ac32c7', '3c7cc157-2a8a-4b0c-b436-20f1ae89221a', 'windows', 0, '2026-02-03 09:06:33.664');
INSERT INTO public.tags (id, category_id, name, sort_order, created_at) VALUES ('8bf2d934-5a77-445e-abb9-392697a3b23e', '3c7cc157-2a8a-4b0c-b436-20f1ae89221a', 'Linux', 0, '2026-02-03 09:06:33.677');
INSERT INTO public.tags (id, category_id, name, sort_order, created_at) VALUES ('e4322932-1e88-4c84-8a8a-5a2ce0a9ebae', '3c7cc157-2a8a-4b0c-b436-20f1ae89221a', '上流工程(要件定義～運用)', 0, '2026-02-03 09:06:33.729');
INSERT INTO public.tags (id, category_id, name, sort_order, created_at) VALUES ('06b0711a-1251-49b0-b7b1-aa80da910df3', '3c7cc157-2a8a-4b0c-b436-20f1ae89221a', 'COBOL', 0, '2026-02-03 09:06:33.752');
INSERT INTO public.tags (id, category_id, name, sort_order, created_at) VALUES ('4c664299-ecf2-441a-b784-62b70013e4f2', '3c7cc157-2a8a-4b0c-b436-20f1ae89221a', 'COBOL/S', 0, '2026-02-03 09:06:33.759');
INSERT INTO public.tags (id, category_id, name, sort_order, created_at) VALUES ('518761f2-c2e5-42ff-b078-1ca440d2452a', '3c7cc157-2a8a-4b0c-b436-20f1ae89221a', 'csh', 0, '2026-02-03 09:06:33.769');
INSERT INTO public.tags (id, category_id, name, sort_order, created_at) VALUES ('c9689c27-28b8-458d-9d23-5be73480e683', '3c7cc157-2a8a-4b0c-b436-20f1ae89221a', 'XML', 0, '2026-02-03 09:06:33.777');
INSERT INTO public.tags (id, category_id, name, sort_order, created_at) VALUES ('24cb1a56-a975-40d1-9495-7e184c9dcef4', '3c7cc157-2a8a-4b0c-b436-20f1ae89221a', 'VB', 0, '2026-02-03 09:06:33.796');
INSERT INTO public.tags (id, category_id, name, sort_order, created_at) VALUES ('631c23a9-4959-4d3d-b44a-bc707a6f4600', '3c7cc157-2a8a-4b0c-b436-20f1ae89221a', 'BAT', 0, '2026-02-03 09:06:33.807');
INSERT INTO public.tags (id, category_id, name, sort_order, created_at) VALUES ('0d58b78a-fafd-46c8-a77d-fbef8a9da0df', '3c7cc157-2a8a-4b0c-b436-20f1ae89221a', 'EC-CUBE', 0, '2026-02-03 09:06:33.825');
INSERT INTO public.tags (id, category_id, name, sort_order, created_at) VALUES ('f712dc75-90ac-4766-8d55-f6f69ada14bc', '3c7cc157-2a8a-4b0c-b436-20f1ae89221a', 'WordPress
ADBS', 0, '2026-02-03 09:06:33.832');
INSERT INTO public.tags (id, category_id, name, sort_order, created_at) VALUES ('8ac3ce46-b4e2-4076-9829-97ec337f7cea', '3c7cc157-2a8a-4b0c-b436-20f1ae89221a', 'RIQS', 0, '2026-02-03 09:06:33.84');
INSERT INTO public.tags (id, category_id, name, sort_order, created_at) VALUES ('c1119848-1002-45a8-a3cd-c75a0cb56a2f', '3c7cc157-2a8a-4b0c-b436-20f1ae89221a', 'Oracle', 0, '2026-02-03 09:06:33.849');
INSERT INTO public.tags (id, category_id, name, sort_order, created_at) VALUES ('3d0b53ed-b4f5-4572-8d01-8207d401aad8', '3c7cc157-2a8a-4b0c-b436-20f1ae89221a', 'SQL server', 0, '2026-02-03 09:06:33.862');
INSERT INTO public.tags (id, category_id, name, sort_order, created_at) VALUES ('2ca65141-db77-4747-9cb3-4f2df5aad93a', '3c7cc157-2a8a-4b0c-b436-20f1ae89221a', 'JSP', 0, '2026-02-03 09:06:33.897');
INSERT INTO public.tags (id, category_id, name, sort_order, created_at) VALUES ('0f0729e9-ea25-4ac4-ab05-f4f5672e72e6', '3c7cc157-2a8a-4b0c-b436-20f1ae89221a', 'Struts', 0, '2026-02-03 09:06:33.905');
INSERT INTO public.tags (id, category_id, name, sort_order, created_at) VALUES ('73884b51-3473-4811-98d7-baec93556079', '3c7cc157-2a8a-4b0c-b436-20f1ae89221a', 'Spring', 0, '2026-02-03 09:06:33.911');
INSERT INTO public.tags (id, category_id, name, sort_order, created_at) VALUES ('36ffc29a-733b-453f-aa66-04f3facff604', '3c7cc157-2a8a-4b0c-b436-20f1ae89221a', 'javascript', 0, '2026-02-03 09:06:33.917');
INSERT INTO public.tags (id, category_id, name, sort_order, created_at) VALUES ('dea9ce87-efc3-49af-8811-22f3c7e2992d', '3c7cc157-2a8a-4b0c-b436-20f1ae89221a', 'XenServer', 0, '2026-02-03 09:06:33.929');
INSERT INTO public.tags (id, category_id, name, sort_order, created_at) VALUES ('3fff8e58-b7b6-44a4-b334-272866534446', '3c7cc157-2a8a-4b0c-b436-20f1ae89221a', 'VMware', 0, '2026-02-03 09:06:33.935');
INSERT INTO public.tags (id, category_id, name, sort_order, created_at) VALUES ('35b79bbf-f1f6-404b-a88d-de9e2a10b125', '3c7cc157-2a8a-4b0c-b436-20f1ae89221a', 'AWS', 0, '2026-02-03 09:06:33.941');
INSERT INTO public.tags (id, category_id, name, sort_order, created_at) VALUES ('13fdcf34-563d-4a7f-baa3-5f2bf8fa186b', '3c7cc157-2a8a-4b0c-b436-20f1ae89221a', 'JP1', 0, '2026-02-03 09:06:33.947');
INSERT INTO public.tags (id, category_id, name, sort_order, created_at) VALUES ('106be739-6a9e-4527-b71b-1b33fff8f2f7', '3c7cc157-2a8a-4b0c-b436-20f1ae89221a', '2012年 Javaプログラミング能力検定試験(2級)', 0, '2026-02-03 09:06:33.968');
INSERT INTO public.tags (id, category_id, name, sort_order, created_at) VALUES ('7750b811-faae-4e71-b37c-7823464ec63f', '3c7cc157-2a8a-4b0c-b436-20f1ae89221a', 'GoogleTest', 0, '2026-02-03 09:06:33.99');
INSERT INTO public.tags (id, category_id, name, sort_order, created_at) VALUES ('d8bc2e1a-57f8-46d2-8d28-ffc3ec662811', '3c7cc157-2a8a-4b0c-b436-20f1ae89221a', 'WindowsServer', 0, '2026-02-03 09:06:34.003');
INSERT INTO public.tags (id, category_id, name, sort_order, created_at) VALUES ('b9c983a3-6538-4926-83b3-b1aab3dab011', '3c7cc157-2a8a-4b0c-b436-20f1ae89221a', 'Magic uniPaaS', 0, '2026-02-03 09:06:34.012');
INSERT INTO public.tags (id, category_id, name, sort_order, created_at) VALUES ('63d89265-1450-41d8-955b-13c704953008', '3c7cc157-2a8a-4b0c-b436-20f1ae89221a', 'SQLServer', 0, '2026-02-03 09:06:34.021');
INSERT INTO public.tags (id, category_id, name, sort_order, created_at) VALUES ('fb7e0119-b559-48c0-9cd7-9400de3b14d0', '3c7cc157-2a8a-4b0c-b436-20f1ae89221a', 'Vb.net  C++　VB', 0, '2026-02-03 09:06:34.038');
INSERT INTO public.tags (id, category_id, name, sort_order, created_at) VALUES ('c5dc7709-e95a-4054-add9-3366c89fcc38', '3c7cc157-2a8a-4b0c-b436-20f1ae89221a', '組込み', 0, '2026-02-03 09:06:34.081');
INSERT INTO public.tags (id, category_id, name, sort_order, created_at) VALUES ('46e1d4ac-d69b-4447-840a-e82d08747ab9', '3c7cc157-2a8a-4b0c-b436-20f1ae89221a', 'iTron', 0, '2026-02-03 09:06:34.092');
INSERT INTO public.tags (id, category_id, name, sort_order, created_at) VALUES ('1f75a291-07e5-4f2e-827b-ecafe8a9bb07', '3c7cc157-2a8a-4b0c-b436-20f1ae89221a', '品質保証', 0, '2026-02-03 09:06:34.099');
INSERT INTO public.tags (id, category_id, name, sort_order, created_at) VALUES ('ee4e603f-4d9f-47bd-bcae-06824ab8d633', '3c7cc157-2a8a-4b0c-b436-20f1ae89221a', 'C言語（製造～テストまで）', 0, '2026-02-03 09:06:34.112');
INSERT INTO public.tags (id, category_id, name, sort_order, created_at) VALUES ('32618f4e-f331-4f83-aa94-44faef583db4', '3c7cc157-2a8a-4b0c-b436-20f1ae89221a', 'MATLAB（詳細設計～テスト）', 0, '2026-02-03 09:06:34.149');
INSERT INTO public.tags (id, category_id, name, sort_order, created_at) VALUES ('2807f83a-f288-45b1-ad49-879b8d4bb9d7', '3c7cc157-2a8a-4b0c-b436-20f1ae89221a', 'テスト実施', 0, '2026-02-03 09:06:34.167');
INSERT INTO public.tags (id, category_id, name, sort_order, created_at) VALUES ('1b30a169-6c2a-416c-9e99-917224aca772', '3c7cc157-2a8a-4b0c-b436-20f1ae89221a', 'AndroidJava', 0, '2026-02-03 09:06:34.19');
INSERT INTO public.tags (id, category_id, name, sort_order, created_at) VALUES ('ee7d5522-774e-4337-a95f-a04595140b02', '3c7cc157-2a8a-4b0c-b436-20f1ae89221a', 'Pythin', 0, '2026-02-03 09:06:34.286');
INSERT INTO public.tags (id, category_id, name, sort_order, created_at) VALUES ('5121d440-dff5-4c2c-a4d8-585c4b003c2a', '3c7cc157-2a8a-4b0c-b436-20f1ae89221a', 'Unity', 0, '2026-02-03 09:06:34.294');
INSERT INTO public.tags (id, category_id, name, sort_order, created_at) VALUES ('2aa7445a-9269-439e-84cd-e8e776d230a3', '3c7cc157-2a8a-4b0c-b436-20f1ae89221a', '機械学習', 0, '2026-02-03 09:06:34.3');
INSERT INTO public.tags (id, category_id, name, sort_order, created_at) VALUES ('031aec6d-6215-4a25-9c8f-4d1623d273ae', '3c7cc157-2a8a-4b0c-b436-20f1ae89221a', 'AI', 0, '2026-02-03 09:06:34.309');
INSERT INTO public.tags (id, category_id, name, sort_order, created_at) VALUES ('189ca5a2-a70d-4383-a2a3-cb0adbfad8f3', '3c7cc157-2a8a-4b0c-b436-20f1ae89221a', 'C#　Vb.net　ASP.net 半導体経験有', 0, '2026-02-03 09:06:34.323');
INSERT INTO public.tags (id, category_id, name, sort_order, created_at) VALUES ('e6fbe0d4-1d09-466a-a798-6c9512225e09', '3c7cc157-2a8a-4b0c-b436-20f1ae89221a', 'VB.NET', 0, '2026-02-03 09:06:34.456');
INSERT INTO public.tags (id, category_id, name, sort_order, created_at) VALUES ('bececdae-6f30-40d2-a51a-892e1a04e37c', '3c7cc157-2a8a-4b0c-b436-20f1ae89221a', 'VBA（要件定義～）', 0, '2026-02-03 09:06:34.465');
INSERT INTO public.tags (id, category_id, name, sort_order, created_at) VALUES ('bd3a6c45-7392-40da-9f3b-8f271fb56b24', '3c7cc157-2a8a-4b0c-b436-20f1ae89221a', 'Java/Python（職業訓練）', 0, '2026-02-03 09:06:34.486');
INSERT INTO public.tags (id, category_id, name, sort_order, created_at) VALUES ('b1a967c9-170a-48f1-958f-e952d7b468c9', '3c7cc157-2a8a-4b0c-b436-20f1ae89221a', 'OSレベルの設計構築が得意。SV（オンプレ/仮想/STR）設計構築', 0, '2026-02-03 09:06:34.5');
INSERT INTO public.tags (id, category_id, name, sort_order, created_at) VALUES ('b16af38b-dead-4230-a340-aac55d251fd6', '3c7cc157-2a8a-4b0c-b436-20f1ae89221a', 'DC開設/運用設計/運用保守等', 0, '2026-02-03 09:06:34.507');
INSERT INTO public.tags (id, category_id, name, sort_order, created_at) VALUES ('7df2743e-aeb4-4f7c-9958-fdda99d2251a', '3c7cc157-2a8a-4b0c-b436-20f1ae89221a', 'クラウドも含むPM/PL経験あり。資格：SCSA', 0, '2026-02-03 09:06:34.515');
INSERT INTO public.tags (id, category_id, name, sort_order, created_at) VALUES ('603efb05-812e-494f-89ce-49a59a0b955a', '3c7cc157-2a8a-4b0c-b436-20f1ae89221a', 'ORACLE MASTER Platinum', 0, '2026-02-03 09:06:34.521');
INSERT INTO public.tags (id, category_id, name, sort_order, created_at) VALUES ('a275048a-5cbc-47d1-a7f3-9d2b27463267', '3c7cc157-2a8a-4b0c-b436-20f1ae89221a', 'CDCP', 0, '2026-02-03 09:06:34.529');
INSERT INTO public.tags (id, category_id, name, sort_order, created_at) VALUES ('3271fffe-32f5-4db0-8aac-3c4b5690cce0', '3c7cc157-2a8a-4b0c-b436-20f1ae89221a', 'ITIL', 0, '2026-02-03 09:06:34.537');
INSERT INTO public.tags (id, category_id, name, sort_order, created_at) VALUES ('a9e39414-b2ea-4ef6-9050-ffc776cc47b8', '3c7cc157-2a8a-4b0c-b436-20f1ae89221a', 'PM', 0, '2026-02-03 09:06:34.556');
INSERT INTO public.tags (id, category_id, name, sort_order, created_at) VALUES ('4fb2fe00-83a6-4a1f-8ea8-9c99b281fe8c', '3c7cc157-2a8a-4b0c-b436-20f1ae89221a', '上流工程メイン（下流の経験もある）', 0, '2026-02-03 09:06:34.564');
INSERT INTO public.tags (id, category_id, name, sort_order, created_at) VALUES ('da2222ee-0551-4b9c-8c85-9e035f0ec57b', '3c7cc157-2a8a-4b0c-b436-20f1ae89221a', 'Python（FastAPI）JavaScript　PHP　Nuxt.js', 0, '2026-02-03 09:06:34.578');
INSERT INTO public.tags (id, category_id, name, sort_order, created_at) VALUES ('cf1961c9-bee6-47cf-baca-aa54a693e1f8', '3c7cc157-2a8a-4b0c-b436-20f1ae89221a', '画像処理', 0, '2026-02-03 09:06:34.605');
INSERT INTO public.tags (id, category_id, name, sort_order, created_at) VALUES ('da5552c9-bb9b-4b35-9dd5-f4af0abe11db', '3c7cc157-2a8a-4b0c-b436-20f1ae89221a', 'Androidアプリ', 0, '2026-02-03 09:06:34.613');
INSERT INTO public.tags (id, category_id, name, sort_order, created_at) VALUES ('e4be917c-f473-4277-841d-ea3d79716022', '3c7cc157-2a8a-4b0c-b436-20f1ae89221a', 'iOSアプリ', 0, '2026-02-03 09:06:34.621');
INSERT INTO public.tags (id, category_id, name, sort_order, created_at) VALUES ('d67e2b2e-cd0d-471c-a052-b80bd8332d27', '3c7cc157-2a8a-4b0c-b436-20f1ae89221a', 'マイコン', 0, '2026-02-03 09:06:34.628');
INSERT INTO public.tags (id, category_id, name, sort_order, created_at) VALUES ('06b079f1-8ffd-4d06-ade9-90135cf276a6', '3c7cc157-2a8a-4b0c-b436-20f1ae89221a', 'CANoe', 0, '2026-02-03 09:06:34.666');
INSERT INTO public.tags (id, category_id, name, sort_order, created_at) VALUES ('2b035fa5-72bf-44db-ba55-b8f9ab845cb0', '3c7cc157-2a8a-4b0c-b436-20f1ae89221a', '回路設計', 0, '2026-02-03 09:06:34.687');
INSERT INTO public.tags (id, category_id, name, sort_order, created_at) VALUES ('053cad64-5f5d-4724-b46e-4639ad709546', '3c7cc157-2a8a-4b0c-b436-20f1ae89221a', 'MatLab', 0, '2026-02-03 09:06:34.771');
INSERT INTO public.tags (id, category_id, name, sort_order, created_at) VALUES ('f6df3816-ad9e-4925-a5c0-1b9fee18ac61', '3c7cc157-2a8a-4b0c-b436-20f1ae89221a', 'Simulink', 0, '2026-02-03 09:06:34.778');
INSERT INTO public.tags (id, category_id, name, sort_order, created_at) VALUES ('6e5132b4-2bc4-4a97-b527-7c074d7100ed', '3c7cc157-2a8a-4b0c-b436-20f1ae89221a', '回路評価', 0, '2026-02-03 09:06:34.795');
INSERT INTO public.tags (id, category_id, name, sort_order, created_at) VALUES ('241c3677-a3f5-4353-8854-e7ca6be839c0', '3c7cc157-2a8a-4b0c-b436-20f1ae89221a', 'インフラ設計構築運用', 0, '2026-02-03 09:06:34.806');
INSERT INTO public.tags (id, category_id, name, sort_order, created_at) VALUES ('20e5286a-e1e5-40aa-86c4-8524ba0f1d00', '3c7cc157-2a8a-4b0c-b436-20f1ae89221a', 'VC++', 0, '2026-02-03 09:06:34.849');
INSERT INTO public.tags (id, category_id, name, sort_order, created_at) VALUES ('d5f61390-00a4-4581-9577-99a12d3df922', '3c7cc157-2a8a-4b0c-b436-20f1ae89221a', '生産技術', 0, '2026-02-03 09:06:34.866');
INSERT INTO public.tags (id, category_id, name, sort_order, created_at) VALUES ('739dabc1-4f3d-40bf-a05c-9a08458f3633', '3c7cc157-2a8a-4b0c-b436-20f1ae89221a', 'Dart', 0, '2026-02-03 09:06:34.939');
INSERT INTO public.tags (id, category_id, name, sort_order, created_at) VALUES ('b5aed2e1-32dc-4370-a11b-89094ead047e', '3c7cc157-2a8a-4b0c-b436-20f1ae89221a', 'ラダー', 0, '2026-02-03 09:06:34.981');
INSERT INTO public.tags (id, category_id, name, sort_order, created_at) VALUES ('1fa1337e-c521-4c2f-bef1-7c71ba9fd773', '3c7cc157-2a8a-4b0c-b436-20f1ae89221a', '回路設計・回路評価・セキュリティ・PC運用', 0, '2026-02-03 09:06:35.031');
INSERT INTO public.tags (id, category_id, name, sort_order, created_at) VALUES ('e934b516-2f3a-429a-95c4-098ef352cc9f', '3c7cc157-2a8a-4b0c-b436-20f1ae89221a', '電子回路評価', 0, '2026-02-03 09:06:35.1');
INSERT INTO public.tags (id, category_id, name, sort_order, created_at) VALUES ('a0a96e75-f214-4ebe-819a-433a85cea736', '3c7cc157-2a8a-4b0c-b436-20f1ae89221a', 'CAD', 0, '2026-02-03 09:06:35.107');
INSERT INTO public.tags (id, category_id, name, sort_order, created_at) VALUES ('23664f07-117f-440b-be93-ce473a32e8c4', '3c7cc157-2a8a-4b0c-b436-20f1ae89221a', 'インフラ運用維持', 0, '2026-02-03 09:06:35.144');
INSERT INTO public.tags (id, category_id, name, sort_order, created_at) VALUES ('74f03f00-c569-492f-b20a-3bb89055fd71', '3c7cc157-2a8a-4b0c-b436-20f1ae89221a', '評価・試験', 0, '2026-02-03 09:06:35.172');
INSERT INTO public.tags (id, category_id, name, sort_order, created_at) VALUES ('bab9e479-53ba-44c7-a97e-5e37e04626cb', '3c7cc157-2a8a-4b0c-b436-20f1ae89221a', 'CATIA', 0, '2026-02-03 09:06:35.214');
INSERT INTO public.tags (id, category_id, name, sort_order, created_at) VALUES ('80b9c0a7-fe5f-442b-8cd6-4a7da4e55762', '3c7cc157-2a8a-4b0c-b436-20f1ae89221a', '組込ソフトウェアテスト', 0, '2026-02-03 09:06:35.24');
INSERT INTO public.tags (id, category_id, name, sort_order, created_at) VALUES ('6beaca1c-a073-46a3-a6ff-871f58227ea5', '3c7cc157-2a8a-4b0c-b436-20f1ae89221a', '機械設計・生産技術', 0, '2026-02-03 09:06:35.306');
INSERT INTO public.tags (id, category_id, name, sort_order, created_at) VALUES ('69b61e54-531a-42fa-aacb-6b7e5ebd6fd6', '3c7cc157-2a8a-4b0c-b436-20f1ae89221a', 'ヘルプデスク・キッティング', 0, '2026-02-03 09:06:35.322');
INSERT INTO public.tags (id, category_id, name, sort_order, created_at) VALUES ('80164905-9e90-4a27-8897-29c5b0c2eb09', '3c7cc157-2a8a-4b0c-b436-20f1ae89221a', '電気回路設計', 0, '2026-02-03 09:06:35.37');
INSERT INTO public.tags (id, category_id, name, sort_order, created_at) VALUES ('b2f6804a-6dec-4ea9-a277-85791947e843', '3c7cc157-2a8a-4b0c-b436-20f1ae89221a', '車載試験・評価', 0, '2026-02-03 09:06:35.395');
INSERT INTO public.tags (id, category_id, name, sort_order, created_at) VALUES ('a2a46ee1-ba6d-4f2f-933a-4462bb751ece', '3c7cc157-2a8a-4b0c-b436-20f1ae89221a', 'CAE解析', 0, '2026-02-03 09:06:35.408');
INSERT INTO public.tags (id, category_id, name, sort_order, created_at) VALUES ('3df796c0-93a9-4e42-b888-7ded9144c17a', '3c7cc157-2a8a-4b0c-b436-20f1ae89221a', 'メカ設計', 0, '2026-02-03 09:06:35.559');
INSERT INTO public.tags (id, category_id, name, sort_order, created_at) VALUES ('d85a67ea-ada0-4ec4-9347-cd763efb199d', '3c7cc157-2a8a-4b0c-b436-20f1ae89221a', '生産管理', 0, '2026-02-03 09:06:35.67');
INSERT INTO public.tags (id, category_id, name, sort_order, created_at) VALUES ('287e5b6e-defd-4243-b9f1-ecdeacb9c0ae', '3c7cc157-2a8a-4b0c-b436-20f1ae89221a', '電子回路設計', 0, '2026-02-03 09:06:35.729');
INSERT INTO public.tags (id, category_id, name, sort_order, created_at) VALUES ('0a339931-344e-45c7-9d66-395dfbe7da43', '3c7cc157-2a8a-4b0c-b436-20f1ae89221a', '設計開発・評価', 0, '2026-02-03 09:06:35.745');
INSERT INTO public.tags (id, category_id, name, sort_order, created_at) VALUES ('7932cef1-c3c7-480a-b2e4-4f42b16cdcb4', '3c7cc157-2a8a-4b0c-b436-20f1ae89221a', '設備設計・据付', 0, '2026-02-03 09:06:35.828');
INSERT INTO public.tags (id, category_id, name, sort_order, created_at) VALUES ('05f9f4bc-3eb5-4bf8-be9a-d18818ff13cc', '3c7cc157-2a8a-4b0c-b436-20f1ae89221a', '運用', 0, '2026-02-03 09:06:35.911');
INSERT INTO public.tags (id, category_id, name, sort_order, created_at) VALUES ('0e818680-7104-4ca0-8da9-5ad1c29f08e2', '3c7cc157-2a8a-4b0c-b436-20f1ae89221a', 'Azure', 0, '2026-02-03 09:06:35.917');
INSERT INTO public.tags (id, category_id, name, sort_order, created_at) VALUES ('4800387d-d7c7-4388-be22-f47faa843f7a', '3c7cc157-2a8a-4b0c-b436-20f1ae89221a', 'VB.net', 0, '2026-02-03 09:06:35.983');
INSERT INTO public.tags (id, category_id, name, sort_order, created_at) VALUES ('4c4ca23e-f426-4c1f-b282-79ab21722486', '3c7cc157-2a8a-4b0c-b436-20f1ae89221a', '基本設計', 0, '2026-02-03 09:06:36.02');
INSERT INTO public.tags (id, category_id, name, sort_order, created_at) VALUES ('9ffbc557-7f7d-4393-bee8-d31068e9ee54', '3c7cc157-2a8a-4b0c-b436-20f1ae89221a', 'マネジメント', 0, '2026-02-03 09:06:36.044');
INSERT INTO public.tags (id, category_id, name, sort_order, created_at) VALUES ('64308fc0-c52e-4244-b6d0-7a2495886252', '3c7cc157-2a8a-4b0c-b436-20f1ae89221a', 'UiPath', 0, '2026-02-03 09:06:36.124');
INSERT INTO public.tags (id, category_id, name, sort_order, created_at) VALUES ('64d09565-b2c8-46da-9545-a1bfb8b97430', '3c7cc157-2a8a-4b0c-b436-20f1ae89221a', 'AWS（構築）', 0, '2026-02-03 09:06:36.159');
INSERT INTO public.tags (id, category_id, name, sort_order, created_at) VALUES ('1df09ef3-6e1f-40d3-b0b6-7646d1f80aa1', '3c7cc157-2a8a-4b0c-b436-20f1ae89221a', 'インフラ構築', 0, '2026-02-03 09:06:36.198');
INSERT INTO public.tags (id, category_id, name, sort_order, created_at) VALUES ('0483293b-933a-4847-9221-fc73cdc7576c', '3c7cc157-2a8a-4b0c-b436-20f1ae89221a', 'ASP.net', 0, '2026-02-03 09:06:36.282');
INSERT INTO public.tags (id, category_id, name, sort_order, created_at) VALUES ('def8c07f-7302-4086-b4a3-a83ab4619723', '3c7cc157-2a8a-4b0c-b436-20f1ae89221a', 'SAP運用', 0, '2026-02-03 09:06:36.3');
INSERT INTO public.tags (id, category_id, name, sort_order, created_at) VALUES ('1dda4f48-c4e8-411a-ac87-2b16b289d004', '3c7cc157-2a8a-4b0c-b436-20f1ae89221a', '（インフラ）', 0, '2026-02-03 09:06:36.339');
INSERT INTO public.tags (id, category_id, name, sort_order, created_at) VALUES ('4d974f81-b4e3-49e8-b11e-6143907a3d3a', '3c7cc157-2a8a-4b0c-b436-20f1ae89221a', 'インフラミドルウェア
Oracle', 0, '2026-02-03 09:06:36.359');
INSERT INTO public.tags (id, category_id, name, sort_order, created_at) VALUES ('b3578d97-d402-4720-8331-66946e9c1537', '3c7cc157-2a8a-4b0c-b436-20f1ae89221a', 'HULFT', 0, '2026-02-03 09:06:36.377');
INSERT INTO public.tags (id, category_id, name, sort_order, created_at) VALUES ('26b4336a-c63b-4676-b463-593d33f44b06', '3c7cc157-2a8a-4b0c-b436-20f1ae89221a', 'Apache', 0, '2026-02-03 09:06:36.385');
INSERT INTO public.tags (id, category_id, name, sort_order, created_at) VALUES ('b5acd565-78a6-4631-b795-ce6336f2902e', '3c7cc157-2a8a-4b0c-b436-20f1ae89221a', 'Tomcat
PL/PM（マネジメント）', 0, '2026-02-03 09:06:36.421');
INSERT INTO public.tags (id, category_id, name, sort_order, created_at) VALUES ('95d80cb3-4ac2-437c-89bd-54b9e4cd2c47', '3c7cc157-2a8a-4b0c-b436-20f1ae89221a', 'モーションボード', 0, '2026-02-03 09:06:36.447');
INSERT INTO public.tags (id, category_id, name, sort_order, created_at) VALUES ('a7d3823c-e89c-4961-9ec8-15ce475b12d0', '3c7cc157-2a8a-4b0c-b436-20f1ae89221a', 'テスト', 0, '2026-02-03 09:06:36.46');
INSERT INTO public.tags (id, category_id, name, sort_order, created_at) VALUES ('f31c041c-5dbe-4348-a3b0-ab5657fe002f', '3c7cc157-2a8a-4b0c-b436-20f1ae89221a', '資料作成
調整', 0, '2026-02-03 09:06:36.495');
INSERT INTO public.tags (id, category_id, name, sort_order, created_at) VALUES ('ccc3f19b-db07-4980-bd77-94d8152eb229', '3c7cc157-2a8a-4b0c-b436-20f1ae89221a', 'PMO補佐', 0, '2026-02-03 09:06:36.512');
INSERT INTO public.tags (id, category_id, name, sort_order, created_at) VALUES ('47b65748-307a-4bbc-8050-f08248c68ffb', '3c7cc157-2a8a-4b0c-b436-20f1ae89221a', 'ユーザー対応', 0, '2026-02-03 09:06:36.526');
INSERT INTO public.tags (id, category_id, name, sort_order, created_at) VALUES ('a03607c1-5f64-4b21-83a3-a42e8e28633b', '5510f013-298e-4e06-87c8-6b6aaea0f274', 'あああ', 0, '2026-02-03 09:20:20.398');


ALTER TABLE public.tags ENABLE TRIGGER ALL;

--
-- Data for Name: employee_skills; Type: TABLE DATA; Schema: public; Owner: employee_user
--

ALTER TABLE public.employee_skills DISABLE TRIGGER ALL;

INSERT INTO public.employee_skills (id, employee_id, tag_id, level, created_at) VALUES ('33562265-e8b8-4cb9-aa71-894606e36f9c', '7e254612-849e-453d-91bf-9d46ecafd962', '456e2d5f-837f-415d-86c1-ef59f8fd5874', 'INTERMEDIATE', '2026-02-03 09:06:32.709');
INSERT INTO public.employee_skills (id, employee_id, tag_id, level, created_at) VALUES ('557b91a5-eef2-40aa-b94d-85432e7d688f', '7e254612-849e-453d-91bf-9d46ecafd962', 'c9970580-9412-4136-b435-099fccdf50fa', 'INTERMEDIATE', '2026-02-03 09:06:32.736');
INSERT INTO public.employee_skills (id, employee_id, tag_id, level, created_at) VALUES ('26468a66-cdc7-4f2f-a1a5-06de2647c8df', '7e254612-849e-453d-91bf-9d46ecafd962', '080387f7-db87-470a-bddb-2bf2daf0ecbc', 'INTERMEDIATE', '2026-02-03 09:06:32.746');
INSERT INTO public.employee_skills (id, employee_id, tag_id, level, created_at) VALUES ('c31e8d92-bfc8-48b7-9ef1-c7a3da22e2e3', '7e254612-849e-453d-91bf-9d46ecafd962', '60b36572-c09f-4896-a939-faeafea1f823', 'INTERMEDIATE', '2026-02-03 09:06:32.754');
INSERT INTO public.employee_skills (id, employee_id, tag_id, level, created_at) VALUES ('c8c3c8e4-7337-4e3f-bbd3-85a6fa483bd8', '7e254612-849e-453d-91bf-9d46ecafd962', '0411657c-d9ac-4962-a8ab-b9e478cc2f6a', 'INTERMEDIATE', '2026-02-03 09:06:32.764');
INSERT INTO public.employee_skills (id, employee_id, tag_id, level, created_at) VALUES ('51606586-f179-4fc2-8f6e-6615b5fecd3a', 'f5b0b522-a8ea-4a72-b6ca-b3e19963b359', '7f66f03b-64cd-4972-a52e-a2b449cb57f6', 'INTERMEDIATE', '2026-02-03 09:06:32.781');
INSERT INTO public.employee_skills (id, employee_id, tag_id, level, created_at) VALUES ('b87a66c7-61bc-46da-88bc-3bbe368e9db7', '600dd373-af61-481f-839c-85a1c48a654f', '42fd6906-68c3-42b5-9e45-dd1609afbc81', 'INTERMEDIATE', '2026-02-03 09:06:32.814');
INSERT INTO public.employee_skills (id, employee_id, tag_id, level, created_at) VALUES ('1c5fd254-eb9c-4b0d-858b-f169d3b22e8b', '600dd373-af61-481f-839c-85a1c48a654f', 'bf38e19d-9d35-44bd-afce-e388b9bf6eea', 'INTERMEDIATE', '2026-02-03 09:06:32.821');
INSERT INTO public.employee_skills (id, employee_id, tag_id, level, created_at) VALUES ('96f2ef4b-3916-43b0-b628-8a1d523dcc1c', '600dd373-af61-481f-839c-85a1c48a654f', '66bf04ea-0226-40f6-b5fa-619fe23dcc10', 'INTERMEDIATE', '2026-02-03 09:06:32.829');
INSERT INTO public.employee_skills (id, employee_id, tag_id, level, created_at) VALUES ('27c9d04b-820c-4ecd-89d4-590edaef1aec', '1c7f69e1-52e0-4365-a4fa-249a078d64a4', '5e03a095-ad33-4098-863b-adc588b1f358', 'INTERMEDIATE', '2026-02-03 09:06:32.845');
INSERT INTO public.employee_skills (id, employee_id, tag_id, level, created_at) VALUES ('9425855c-3257-45c0-969f-bf7e2328cd55', 'e572d00f-bed0-4541-ab8a-f2cd1a166ee1', '42fd6906-68c3-42b5-9e45-dd1609afbc81', 'INTERMEDIATE', '2026-02-03 09:06:32.859');
INSERT INTO public.employee_skills (id, employee_id, tag_id, level, created_at) VALUES ('4f08d006-0b71-497a-a052-19edfa1e5af3', '7a92b703-13b1-4f40-bc52-325020dd7072', '42fd6906-68c3-42b5-9e45-dd1609afbc81', 'INTERMEDIATE', '2026-02-03 09:06:32.882');
INSERT INTO public.employee_skills (id, employee_id, tag_id, level, created_at) VALUES ('168ffad6-6c9c-4525-b8d3-9c6a72aa1863', '7a92b703-13b1-4f40-bc52-325020dd7072', 'bf38e19d-9d35-44bd-afce-e388b9bf6eea', 'INTERMEDIATE', '2026-02-03 09:06:32.888');
INSERT INTO public.employee_skills (id, employee_id, tag_id, level, created_at) VALUES ('5d886d59-01dd-475e-9e3f-b5f31f9d15e7', '1d5b8824-55be-496a-ade7-df90796782e4', '42fd6906-68c3-42b5-9e45-dd1609afbc81', 'INTERMEDIATE', '2026-02-03 09:06:32.903');
INSERT INTO public.employee_skills (id, employee_id, tag_id, level, created_at) VALUES ('314a7c2f-de8f-40c8-b077-d92a8d93b852', '128cbf15-d2e9-42d3-9343-c9ff0b211a03', '73f9e60e-fd63-4bdc-a1cf-29575178fa41', 'INTERMEDIATE', '2026-02-03 09:06:32.917');
INSERT INTO public.employee_skills (id, employee_id, tag_id, level, created_at) VALUES ('ed4a6366-c992-4a21-949e-e13b72f6113a', '211c2948-e384-4a51-b4c2-5cfe2b75b685', '42fd6906-68c3-42b5-9e45-dd1609afbc81', 'INTERMEDIATE', '2026-02-03 09:06:32.929');
INSERT INTO public.employee_skills (id, employee_id, tag_id, level, created_at) VALUES ('f896bb78-5dde-4451-8157-5fd10bc6ecff', 'b26fdb59-4c1c-437c-8e6d-baddb70bbaed', '1dd27867-7015-4b12-947e-5d2752ca77e0', 'INTERMEDIATE', '2026-02-03 09:06:32.952');
INSERT INTO public.employee_skills (id, employee_id, tag_id, level, created_at) VALUES ('4e05fc42-955a-4d94-b45f-3136106f3e20', 'b26fdb59-4c1c-437c-8e6d-baddb70bbaed', '709ea716-7d5f-4abd-ab35-21ca6bb18a41', 'INTERMEDIATE', '2026-02-03 09:06:32.962');
INSERT INTO public.employee_skills (id, employee_id, tag_id, level, created_at) VALUES ('7a8742fc-fc93-4021-add9-c0553420139b', 'b26fdb59-4c1c-437c-8e6d-baddb70bbaed', '456e2d5f-837f-415d-86c1-ef59f8fd5874', 'INTERMEDIATE', '2026-02-03 09:06:32.97');
INSERT INTO public.employee_skills (id, employee_id, tag_id, level, created_at) VALUES ('e4ee9d06-8df4-426d-9ce4-015c94930940', 'b26fdb59-4c1c-437c-8e6d-baddb70bbaed', '0f3649f5-637e-42ca-b3fe-664bd3023936', 'INTERMEDIATE', '2026-02-03 09:06:32.984');
INSERT INTO public.employee_skills (id, employee_id, tag_id, level, created_at) VALUES ('1d78acc2-8d37-413e-84f1-e8d4cb0625cb', 'b26fdb59-4c1c-437c-8e6d-baddb70bbaed', '29075fab-9147-4390-8431-71ce8818169f', 'INTERMEDIATE', '2026-02-03 09:06:32.998');
INSERT INTO public.employee_skills (id, employee_id, tag_id, level, created_at) VALUES ('fba404df-bbfa-421b-81fd-ae5ae8d1ae68', '7a7aff7f-eba9-43a3-92f0-51674662af37', 'ea58ec3a-3403-4ef2-894f-9fd449c0d86c', 'INTERMEDIATE', '2026-02-03 09:06:33.014');
INSERT INTO public.employee_skills (id, employee_id, tag_id, level, created_at) VALUES ('7462b2ec-0790-4709-bc30-f3fc2b52aadb', '1c4e993f-84e0-4a7c-a74b-c52d02055703', '465bf095-e2ab-4a7d-a505-8f2a54463ddc', 'INTERMEDIATE', '2026-02-03 09:06:33.028');
INSERT INTO public.employee_skills (id, employee_id, tag_id, level, created_at) VALUES ('df03a11a-4b6c-4fce-b09e-5e8ecf3c3b69', '97d7b3ee-ea28-46f8-ac5c-44b3266dd583', '42fd6906-68c3-42b5-9e45-dd1609afbc81', 'INTERMEDIATE', '2026-02-03 09:06:33.047');
INSERT INTO public.employee_skills (id, employee_id, tag_id, level, created_at) VALUES ('4ce11aa0-7db1-4233-b117-feba5bd52dc3', '398b4369-a6d1-4f0a-94d5-11d534aa8ada', '1d620dbc-32b9-490e-934d-acc9a7147026', 'INTERMEDIATE', '2026-02-03 09:06:33.061');
INSERT INTO public.employee_skills (id, employee_id, tag_id, level, created_at) VALUES ('1c5a8553-50fc-4bcf-b386-08ca26e57218', 'de8d1c36-b52b-43af-8631-f9572c8a224c', '8b4e58c8-d61f-47bd-8475-81f75cae3180', 'INTERMEDIATE', '2026-02-03 09:06:33.074');
INSERT INTO public.employee_skills (id, employee_id, tag_id, level, created_at) VALUES ('c2f6d0f2-0fe4-4b08-baf3-488b1aded014', 'de8d1c36-b52b-43af-8631-f9572c8a224c', '456e2d5f-837f-415d-86c1-ef59f8fd5874', 'INTERMEDIATE', '2026-02-03 09:06:33.08');
INSERT INTO public.employee_skills (id, employee_id, tag_id, level, created_at) VALUES ('6e403946-43cc-4963-988c-aaf6304e9817', 'de8d1c36-b52b-43af-8631-f9572c8a224c', '3c098977-d445-4dfd-8eb3-98f5dd786625', 'INTERMEDIATE', '2026-02-03 09:06:33.087');
INSERT INTO public.employee_skills (id, employee_id, tag_id, level, created_at) VALUES ('7853b371-79a9-4a7b-8be8-3caa7a349508', 'de8d1c36-b52b-43af-8631-f9572c8a224c', '29075fab-9147-4390-8431-71ce8818169f', 'INTERMEDIATE', '2026-02-03 09:06:33.093');
INSERT INTO public.employee_skills (id, employee_id, tag_id, level, created_at) VALUES ('47130be0-cd51-4493-80e1-d07ff5b239af', '034e63e3-505f-49f9-a5f1-e15e1b102625', 'd9ff5448-3c01-4e13-8619-b8e7cf60ebe6', 'INTERMEDIATE', '2026-02-03 09:06:33.104');
INSERT INTO public.employee_skills (id, employee_id, tag_id, level, created_at) VALUES ('fbd45643-bbac-4833-89e2-8cb707d30c1d', 'edb352ce-f802-48e0-847c-277a6b6b2338', '42fd6906-68c3-42b5-9e45-dd1609afbc81', 'INTERMEDIATE', '2026-02-03 09:06:33.115');
INSERT INTO public.employee_skills (id, employee_id, tag_id, level, created_at) VALUES ('5aa48348-5b62-40ea-8d9f-58a4545ade6b', 'b14f2c42-53a7-416c-8316-bc9f75ef1d43', '2d1db03d-b3f8-410c-b8c3-2a0aca29a9d6', 'INTERMEDIATE', '2026-02-03 09:06:33.131');
INSERT INTO public.employee_skills (id, employee_id, tag_id, level, created_at) VALUES ('7849a2fb-6af3-47bb-97df-955cfd68f625', '702bce52-aab1-4549-b411-332c55711ad8', '42fd6906-68c3-42b5-9e45-dd1609afbc81', 'INTERMEDIATE', '2026-02-03 09:06:33.142');
INSERT INTO public.employee_skills (id, employee_id, tag_id, level, created_at) VALUES ('27f78890-e305-4926-aed8-45f21d9d7e01', '166a7938-0218-4b8f-aae1-735c9fa5bb5a', '42fd6906-68c3-42b5-9e45-dd1609afbc81', 'INTERMEDIATE', '2026-02-03 09:06:33.153');
INSERT INTO public.employee_skills (id, employee_id, tag_id, level, created_at) VALUES ('5ef72b0b-9455-4440-95b0-88b9d1ed995b', '166a7938-0218-4b8f-aae1-735c9fa5bb5a', '544f7cdf-a9cf-4e58-858f-8a7213c7860e', 'INTERMEDIATE', '2026-02-03 09:06:33.16');
INSERT INTO public.employee_skills (id, employee_id, tag_id, level, created_at) VALUES ('b4a10637-e036-485f-a336-a7e1c5d5e845', 'e810a2e7-6b7e-414d-8c02-e4df808deedb', '3d6fb537-7163-40f4-bd04-3b52e16a57d9', 'INTERMEDIATE', '2026-02-03 09:06:33.172');
INSERT INTO public.employee_skills (id, employee_id, tag_id, level, created_at) VALUES ('4613b1d1-6447-446d-9ced-d56d9af1ab57', 'e810a2e7-6b7e-414d-8c02-e4df808deedb', '5c0da834-70d2-4488-807e-6be939c2cad5', 'INTERMEDIATE', '2026-02-03 09:06:33.18');
INSERT INTO public.employee_skills (id, employee_id, tag_id, level, created_at) VALUES ('9d35d01d-dcdd-4483-9986-633c81c8ec05', '42184eaf-9a34-4549-b68e-b7f12df36f05', '42fd6906-68c3-42b5-9e45-dd1609afbc81', 'INTERMEDIATE', '2026-02-03 09:06:33.191');
INSERT INTO public.employee_skills (id, employee_id, tag_id, level, created_at) VALUES ('cfb2ee93-3cd3-4209-a9c0-4c5cef4bb539', '7e717c23-40bc-4772-ace9-175dc6204fa1', '1dd27867-7015-4b12-947e-5d2752ca77e0', 'INTERMEDIATE', '2026-02-03 09:06:33.21');
INSERT INTO public.employee_skills (id, employee_id, tag_id, level, created_at) VALUES ('2a578a79-ca9d-4626-b3f7-28257510a306', '7e717c23-40bc-4772-ace9-175dc6204fa1', '709ea716-7d5f-4abd-ab35-21ca6bb18a41', 'INTERMEDIATE', '2026-02-03 09:06:33.216');
INSERT INTO public.employee_skills (id, employee_id, tag_id, level, created_at) VALUES ('dd99195c-7e4b-44cf-ad2b-9adb9867c564', '7e717c23-40bc-4772-ace9-175dc6204fa1', '68e02bee-e53e-4793-90ae-f309d3e6b272', 'INTERMEDIATE', '2026-02-03 09:06:33.223');
INSERT INTO public.employee_skills (id, employee_id, tag_id, level, created_at) VALUES ('72b95545-2f49-4d27-9c6c-1f912a50b98f', 'd0cf4c53-9b4c-4c46-9b29-fc342438792d', 'c73d4e3c-0bcb-4829-a266-63f0aa62448c', 'INTERMEDIATE', '2026-02-03 09:06:33.236');
INSERT INTO public.employee_skills (id, employee_id, tag_id, level, created_at) VALUES ('d9a5be10-36a6-4cd8-9ca4-5e469849f78c', 'd0cf4c53-9b4c-4c46-9b29-fc342438792d', '42fd6906-68c3-42b5-9e45-dd1609afbc81', 'INTERMEDIATE', '2026-02-03 09:06:33.242');
INSERT INTO public.employee_skills (id, employee_id, tag_id, level, created_at) VALUES ('20050e3d-be92-4e6b-8180-a7b55d818b72', '3f84fc2c-531d-48b1-9389-669893d0b7c3', '42fd6906-68c3-42b5-9e45-dd1609afbc81', 'INTERMEDIATE', '2026-02-03 09:06:33.253');
INSERT INTO public.employee_skills (id, employee_id, tag_id, level, created_at) VALUES ('e63df2be-5e20-428c-988d-e0f1b47e16dd', '6b733214-3983-47cc-b5a3-9e8a07021f8c', '60b36572-c09f-4896-a939-faeafea1f823', 'INTERMEDIATE', '2026-02-03 09:06:33.268');
INSERT INTO public.employee_skills (id, employee_id, tag_id, level, created_at) VALUES ('86dcc75e-2d15-4eb8-b96f-889f22b10815', '6b733214-3983-47cc-b5a3-9e8a07021f8c', '1dd27867-7015-4b12-947e-5d2752ca77e0', 'INTERMEDIATE', '2026-02-03 09:06:33.274');
INSERT INTO public.employee_skills (id, employee_id, tag_id, level, created_at) VALUES ('3e36f4d5-f354-4b25-92dc-7b1dd2bb5cdb', '6b733214-3983-47cc-b5a3-9e8a07021f8c', '709ea716-7d5f-4abd-ab35-21ca6bb18a41', 'INTERMEDIATE', '2026-02-03 09:06:33.28');
INSERT INTO public.employee_skills (id, employee_id, tag_id, level, created_at) VALUES ('c511323b-9d9c-4969-aba8-b31a91331a47', '6b733214-3983-47cc-b5a3-9e8a07021f8c', '1c9e6a45-d7d3-46c4-978d-6575a61039e2', 'INTERMEDIATE', '2026-02-03 09:06:33.288');
INSERT INTO public.employee_skills (id, employee_id, tag_id, level, created_at) VALUES ('b13e13bc-73e1-4a30-95ae-2704ce92920f', 'ca45f4a1-6c8b-4a63-8733-dd30a68f56a0', '1dd27867-7015-4b12-947e-5d2752ca77e0', 'INTERMEDIATE', '2026-02-03 09:06:33.305');
INSERT INTO public.employee_skills (id, employee_id, tag_id, level, created_at) VALUES ('4e6dde41-225e-4708-a896-7499f5d57a3b', 'ca45f4a1-6c8b-4a63-8733-dd30a68f56a0', '709ea716-7d5f-4abd-ab35-21ca6bb18a41', 'INTERMEDIATE', '2026-02-03 09:06:33.311');
INSERT INTO public.employee_skills (id, employee_id, tag_id, level, created_at) VALUES ('455f0f6a-8aad-4895-b3db-b86aba36a38d', 'ca45f4a1-6c8b-4a63-8733-dd30a68f56a0', '68e02bee-e53e-4793-90ae-f309d3e6b272', 'INTERMEDIATE', '2026-02-03 09:06:33.315');
INSERT INTO public.employee_skills (id, employee_id, tag_id, level, created_at) VALUES ('56024409-94c5-47cc-8f12-c8fc812d3a04', 'ffaa4eff-f12d-4454-8c4e-25122b67bc54', '1dd27867-7015-4b12-947e-5d2752ca77e0', 'INTERMEDIATE', '2026-02-03 09:06:33.336');
INSERT INTO public.employee_skills (id, employee_id, tag_id, level, created_at) VALUES ('dc9c6bd0-d218-45c1-af6b-9fef762f2e51', 'ffaa4eff-f12d-4454-8c4e-25122b67bc54', '709ea716-7d5f-4abd-ab35-21ca6bb18a41', 'INTERMEDIATE', '2026-02-03 09:06:33.342');
INSERT INTO public.employee_skills (id, employee_id, tag_id, level, created_at) VALUES ('bf78e71b-03ad-4d8e-890d-55c5a72fd2ae', 'ffaa4eff-f12d-4454-8c4e-25122b67bc54', '68e02bee-e53e-4793-90ae-f309d3e6b272', 'INTERMEDIATE', '2026-02-03 09:06:33.348');
INSERT INTO public.employee_skills (id, employee_id, tag_id, level, created_at) VALUES ('e59f3690-a121-4a60-b491-5f128c4a2693', '5e4a5589-6920-41dd-96e6-417fcad59f4d', '34698886-e763-410c-afe8-20e5f412bc7e', 'INTERMEDIATE', '2026-02-03 09:06:33.375');
INSERT INTO public.employee_skills (id, employee_id, tag_id, level, created_at) VALUES ('d58b0afe-1547-4ada-9292-29ed1fd32511', '5e4a5589-6920-41dd-96e6-417fcad59f4d', '4717ba5a-3c17-4c20-b471-a006e2be49ae', 'INTERMEDIATE', '2026-02-03 09:06:33.382');
INSERT INTO public.employee_skills (id, employee_id, tag_id, level, created_at) VALUES ('5e1693f0-8d9d-4cd1-8ca4-71d228d04db7', '2e9b7057-a985-4f09-8756-ac426601b63b', '42fd6906-68c3-42b5-9e45-dd1609afbc81', 'INTERMEDIATE', '2026-02-03 09:06:33.399');
INSERT INTO public.employee_skills (id, employee_id, tag_id, level, created_at) VALUES ('a75e704d-8adf-4636-b3c8-1eb38e15a5c5', '7cb2f0f6-41df-4ead-9882-3685dd292605', '905adf5d-2a29-4cc7-84a8-fd02be6e2736', 'INTERMEDIATE', '2026-02-03 09:06:33.412');
INSERT INTO public.employee_skills (id, employee_id, tag_id, level, created_at) VALUES ('8dfabf0a-9baf-4789-b670-1136a399b35f', '7cb2f0f6-41df-4ead-9882-3685dd292605', '29270354-a6ca-460f-85a9-f4202fda82e7', 'INTERMEDIATE', '2026-02-03 09:06:33.422');
INSERT INTO public.employee_skills (id, employee_id, tag_id, level, created_at) VALUES ('c49c7a10-8674-4498-af01-54e75f76d377', '7cb2f0f6-41df-4ead-9882-3685dd292605', '966b4b60-2b02-423a-801d-320e918db2cd', 'INTERMEDIATE', '2026-02-03 09:06:33.43');
INSERT INTO public.employee_skills (id, employee_id, tag_id, level, created_at) VALUES ('6edb2e94-4ecb-4370-ae17-64c1acb3e0e3', 'a5e75098-2ef3-475a-a5df-3d108de4ff9a', '456e2d5f-837f-415d-86c1-ef59f8fd5874', 'INTERMEDIATE', '2026-02-03 09:06:33.449');
INSERT INTO public.employee_skills (id, employee_id, tag_id, level, created_at) VALUES ('b0dd50dd-8d88-499a-a6f4-0248b92b1b64', '655b7127-df4c-44db-bc04-9ac887e97f68', 'ea58ec3a-3403-4ef2-894f-9fd449c0d86c', 'INTERMEDIATE', '2026-02-03 09:06:33.461');
INSERT INTO public.employee_skills (id, employee_id, tag_id, level, created_at) VALUES ('59d3e5b3-d195-4c06-b7a5-93c05828ccac', '655b7127-df4c-44db-bc04-9ac887e97f68', '1dd27867-7015-4b12-947e-5d2752ca77e0', 'INTERMEDIATE', '2026-02-03 09:06:33.467');
INSERT INTO public.employee_skills (id, employee_id, tag_id, level, created_at) VALUES ('b47d366e-50ee-48eb-a1da-642cbb5ff491', '801331be-fd9e-492e-97cb-88f1883376cc', '1dd27867-7015-4b12-947e-5d2752ca77e0', 'INTERMEDIATE', '2026-02-03 09:06:33.479');
INSERT INTO public.employee_skills (id, employee_id, tag_id, level, created_at) VALUES ('1b9744c8-f123-417a-ae57-f5f0c535c635', '801331be-fd9e-492e-97cb-88f1883376cc', 'f547131e-9e0f-4fff-a6a0-e5ca7cb0acab', 'INTERMEDIATE', '2026-02-03 09:06:33.488');
INSERT INTO public.employee_skills (id, employee_id, tag_id, level, created_at) VALUES ('bf2ccdf7-01a3-4dc6-81a8-c3093bad187f', '9f6c79cb-ac49-4b36-afcb-1ae339188d34', '1dd27867-7015-4b12-947e-5d2752ca77e0', 'INTERMEDIATE', '2026-02-03 09:06:33.505');
INSERT INTO public.employee_skills (id, employee_id, tag_id, level, created_at) VALUES ('5a340f77-e8e9-4b1a-86e1-698b18846bbd', '9f6c79cb-ac49-4b36-afcb-1ae339188d34', '709ea716-7d5f-4abd-ab35-21ca6bb18a41', 'INTERMEDIATE', '2026-02-03 09:06:33.513');
INSERT INTO public.employee_skills (id, employee_id, tag_id, level, created_at) VALUES ('ed7649f7-7e1b-4bd8-972e-8ea00b556f57', '9f6c79cb-ac49-4b36-afcb-1ae339188d34', '0fe5ae8e-ca14-48af-8d4c-595572661bee', 'INTERMEDIATE', '2026-02-03 09:06:33.52');
INSERT INTO public.employee_skills (id, employee_id, tag_id, level, created_at) VALUES ('2f8d9fe4-8ed8-49a8-b483-abc3d06e4427', '73a494dd-442d-4695-b363-0f0cbff670eb', 'a54fa3bc-72c5-40b0-9bc8-f5cf9735513f', 'INTERMEDIATE', '2026-02-03 09:06:33.551');
INSERT INTO public.employee_skills (id, employee_id, tag_id, level, created_at) VALUES ('381806e6-deb5-44f5-8bb8-5ad4514e4cec', '73a494dd-442d-4695-b363-0f0cbff670eb', '689dc9bb-1132-473b-b350-83be038736e2', 'INTERMEDIATE', '2026-02-03 09:06:33.56');
INSERT INTO public.employee_skills (id, employee_id, tag_id, level, created_at) VALUES ('028ddfc7-1c42-4762-98fc-0b219d41e23c', '73a494dd-442d-4695-b363-0f0cbff670eb', 'bd553c78-98eb-413b-8b80-cef8ee5466a5', 'INTERMEDIATE', '2026-02-03 09:06:33.569');
INSERT INTO public.employee_skills (id, employee_id, tag_id, level, created_at) VALUES ('35367715-ca51-4953-bc12-e75e29cdc27b', '73a494dd-442d-4695-b363-0f0cbff670eb', '465bf095-e2ab-4a7d-a505-8f2a54463ddc', 'INTERMEDIATE', '2026-02-03 09:06:33.575');
INSERT INTO public.employee_skills (id, employee_id, tag_id, level, created_at) VALUES ('a3a1a975-ab09-429c-b100-8f46597db47c', '698bb63e-9f23-42c5-8d8f-9e8b43dd8328', '3d6fb537-7163-40f4-bd04-3b52e16a57d9', 'INTERMEDIATE', '2026-02-03 09:06:33.591');
INSERT INTO public.employee_skills (id, employee_id, tag_id, level, created_at) VALUES ('a643fe20-1115-4bb2-aebb-5560cc702b21', '698bb63e-9f23-42c5-8d8f-9e8b43dd8328', '60edef5a-c245-4aa7-8430-d250e855461d', 'INTERMEDIATE', '2026-02-03 09:06:33.598');
INSERT INTO public.employee_skills (id, employee_id, tag_id, level, created_at) VALUES ('7ff95185-f479-4f0a-9703-26362d761a79', '0c697a40-3860-432d-abfd-809b125e4c2b', '905adf5d-2a29-4cc7-84a8-fd02be6e2736', 'INTERMEDIATE', '2026-02-03 09:06:33.608');
INSERT INTO public.employee_skills (id, employee_id, tag_id, level, created_at) VALUES ('373df777-7516-4c39-89ad-14e403f27de8', '0c697a40-3860-432d-abfd-809b125e4c2b', '29270354-a6ca-460f-85a9-f4202fda82e7', 'INTERMEDIATE', '2026-02-03 09:06:33.612');
INSERT INTO public.employee_skills (id, employee_id, tag_id, level, created_at) VALUES ('ca427c80-6ada-4c54-8f67-62fd8aa925f5', '0c697a40-3860-432d-abfd-809b125e4c2b', '1dd27867-7015-4b12-947e-5d2752ca77e0', 'INTERMEDIATE', '2026-02-03 09:06:33.618');
INSERT INTO public.employee_skills (id, employee_id, tag_id, level, created_at) VALUES ('88c06c6d-4067-4665-b543-f4dc78ea3267', '0c697a40-3860-432d-abfd-809b125e4c2b', '1730dd1b-38cc-44b6-b155-e40049de2869', 'INTERMEDIATE', '2026-02-03 09:06:33.626');
INSERT INTO public.employee_skills (id, employee_id, tag_id, level, created_at) VALUES ('5c922036-a172-4911-8da0-4b2045afccd6', '0c697a40-3860-432d-abfd-809b125e4c2b', '2292a41d-1d51-4fb5-ae75-f5b4e469ea85', 'INTERMEDIATE', '2026-02-03 09:06:33.639');
INSERT INTO public.employee_skills (id, employee_id, tag_id, level, created_at) VALUES ('e41518b5-0870-435f-935b-1fb209412437', '0c697a40-3860-432d-abfd-809b125e4c2b', 'f7dca3f5-845f-4919-8b12-78584e6ac61a', 'INTERMEDIATE', '2026-02-03 09:06:33.653');
INSERT INTO public.employee_skills (id, employee_id, tag_id, level, created_at) VALUES ('6a5f6c15-e51b-458c-90f7-6e1529b98684', '0c697a40-3860-432d-abfd-809b125e4c2b', '1918ed94-b5bf-46b1-94d7-2293a7ac32c7', 'INTERMEDIATE', '2026-02-03 09:06:33.667');
INSERT INTO public.employee_skills (id, employee_id, tag_id, level, created_at) VALUES ('31e8806f-e38d-49cc-9aca-eed502171b36', '0c697a40-3860-432d-abfd-809b125e4c2b', '8bf2d934-5a77-445e-abb9-392697a3b23e', 'INTERMEDIATE', '2026-02-03 09:06:33.681');
INSERT INTO public.employee_skills (id, employee_id, tag_id, level, created_at) VALUES ('1f1ae10b-1818-4b39-b4e4-45866ddf4d51', '1364425d-0d70-4743-ae5f-c1c77a4fab49', 'e4322932-1e88-4c84-8a8a-5a2ce0a9ebae', 'INTERMEDIATE', '2026-02-03 09:06:33.731');
INSERT INTO public.employee_skills (id, employee_id, tag_id, level, created_at) VALUES ('fb4b6b2e-1368-4649-8a31-09debba83172', '1364425d-0d70-4743-ae5f-c1c77a4fab49', '1dd27867-7015-4b12-947e-5d2752ca77e0', 'INTERMEDIATE', '2026-02-03 09:06:33.737');
INSERT INTO public.employee_skills (id, employee_id, tag_id, level, created_at) VALUES ('50a50b91-a4c5-4860-a256-a6810002c499', '1364425d-0d70-4743-ae5f-c1c77a4fab49', '0d14a634-8c4e-4a2b-8e7c-f9576e17d387', 'INTERMEDIATE', '2026-02-03 09:06:33.743');
INSERT INTO public.employee_skills (id, employee_id, tag_id, level, created_at) VALUES ('99c8c7a9-fa45-4b69-a7b2-23111a854e34', 'f7600821-4c5e-4d73-a065-7e9bfac9f339', '06b0711a-1251-49b0-b7b1-aa80da910df3', 'INTERMEDIATE', '2026-02-03 09:06:33.754');
INSERT INTO public.employee_skills (id, employee_id, tag_id, level, created_at) VALUES ('4b207002-c484-4e6b-a0c7-39c5233965a4', 'f7600821-4c5e-4d73-a065-7e9bfac9f339', '4c664299-ecf2-441a-b784-62b70013e4f2', 'INTERMEDIATE', '2026-02-03 09:06:33.76');
INSERT INTO public.employee_skills (id, employee_id, tag_id, level, created_at) VALUES ('5e628ec2-21a8-4fe4-adea-45d579753b3f', 'f7600821-4c5e-4d73-a065-7e9bfac9f339', '905adf5d-2a29-4cc7-84a8-fd02be6e2736', 'INTERMEDIATE', '2026-02-03 09:06:33.765');
INSERT INTO public.employee_skills (id, employee_id, tag_id, level, created_at) VALUES ('4dc60bf7-e3e8-4364-9c96-f7cd11c17a5d', 'f7600821-4c5e-4d73-a065-7e9bfac9f339', '518761f2-c2e5-42ff-b078-1ca440d2452a', 'INTERMEDIATE', '2026-02-03 09:06:33.771');
INSERT INTO public.employee_skills (id, employee_id, tag_id, level, created_at) VALUES ('400e51a0-30bc-4bc2-8894-66315fc4411b', 'f7600821-4c5e-4d73-a065-7e9bfac9f339', 'c9689c27-28b8-458d-9d23-5be73480e683', 'INTERMEDIATE', '2026-02-03 09:06:33.779');
INSERT INTO public.employee_skills (id, employee_id, tag_id, level, created_at) VALUES ('28c597f6-9511-4f30-b9c2-6f794c3503e1', 'f7600821-4c5e-4d73-a065-7e9bfac9f339', 'c9970580-9412-4136-b435-099fccdf50fa', 'INTERMEDIATE', '2026-02-03 09:06:33.785');
INSERT INTO public.employee_skills (id, employee_id, tag_id, level, created_at) VALUES ('a27d7eb3-ebe2-48fe-ba54-240ae0883ed7', 'f7600821-4c5e-4d73-a065-7e9bfac9f339', '080387f7-db87-470a-bddb-2bf2daf0ecbc', 'INTERMEDIATE', '2026-02-03 09:06:33.791');
INSERT INTO public.employee_skills (id, employee_id, tag_id, level, created_at) VALUES ('da6a42a0-d4f9-41d2-ae32-d8a6a37fa452', 'f7600821-4c5e-4d73-a065-7e9bfac9f339', '24cb1a56-a975-40d1-9495-7e184c9dcef4', 'INTERMEDIATE', '2026-02-03 09:06:33.798');
INSERT INTO public.employee_skills (id, employee_id, tag_id, level, created_at) VALUES ('8e03739d-722d-44c5-80ff-3f197abd7be7', 'f7600821-4c5e-4d73-a065-7e9bfac9f339', '60b36572-c09f-4896-a939-faeafea1f823', 'INTERMEDIATE', '2026-02-03 09:06:33.803');
INSERT INTO public.employee_skills (id, employee_id, tag_id, level, created_at) VALUES ('99092c58-9cae-416e-bbcd-efefb62a15f1', 'f7600821-4c5e-4d73-a065-7e9bfac9f339', '631c23a9-4959-4d3d-b44a-bc707a6f4600', 'INTERMEDIATE', '2026-02-03 09:06:33.809');
INSERT INTO public.employee_skills (id, employee_id, tag_id, level, created_at) VALUES ('6e95c4a1-ef77-4826-9953-0c036bba0959', 'f7600821-4c5e-4d73-a065-7e9bfac9f339', 'fb07d6dd-91bb-4fda-978d-fe09e1bf673d', 'INTERMEDIATE', '2026-02-03 09:06:33.815');
INSERT INTO public.employee_skills (id, employee_id, tag_id, level, created_at) VALUES ('851f1929-c3b9-4ff4-95c3-ed4d300757d0', 'f7600821-4c5e-4d73-a065-7e9bfac9f339', '0d14a634-8c4e-4a2b-8e7c-f9576e17d387', 'INTERMEDIATE', '2026-02-03 09:06:33.82');
INSERT INTO public.employee_skills (id, employee_id, tag_id, level, created_at) VALUES ('bc800527-27a2-4d71-a2c8-867354d4764e', 'f7600821-4c5e-4d73-a065-7e9bfac9f339', '0d58b78a-fafd-46c8-a77d-fbef8a9da0df', 'INTERMEDIATE', '2026-02-03 09:06:33.827');
INSERT INTO public.employee_skills (id, employee_id, tag_id, level, created_at) VALUES ('d6d9a0c2-33ae-4c63-8c46-86af331b42b3', 'f7600821-4c5e-4d73-a065-7e9bfac9f339', 'f712dc75-90ac-4766-8d55-f6f69ada14bc', 'INTERMEDIATE', '2026-02-03 09:06:33.834');
INSERT INTO public.employee_skills (id, employee_id, tag_id, level, created_at) VALUES ('cf741f55-ad9c-4624-b4fb-2af1c6c64f73', 'f7600821-4c5e-4d73-a065-7e9bfac9f339', '8ac3ce46-b4e2-4076-9829-97ec337f7cea', 'INTERMEDIATE', '2026-02-03 09:06:33.843');
INSERT INTO public.employee_skills (id, employee_id, tag_id, level, created_at) VALUES ('0604fa20-c00a-421e-9a8e-cac72fb5f1a3', 'f7600821-4c5e-4d73-a065-7e9bfac9f339', 'c1119848-1002-45a8-a3cd-c75a0cb56a2f', 'INTERMEDIATE', '2026-02-03 09:06:33.852');
INSERT INTO public.employee_skills (id, employee_id, tag_id, level, created_at) VALUES ('130f9ce5-247e-471d-8c39-009c9f9bcf19', 'f7600821-4c5e-4d73-a065-7e9bfac9f339', '1c9e6a45-d7d3-46c4-978d-6575a61039e2', 'INTERMEDIATE', '2026-02-03 09:06:33.857');
INSERT INTO public.employee_skills (id, employee_id, tag_id, level, created_at) VALUES ('1269b1ed-6bd0-4321-a846-a5c3692f7a6c', 'f7600821-4c5e-4d73-a065-7e9bfac9f339', '3d0b53ed-b4f5-4572-8d01-8207d401aad8', 'INTERMEDIATE', '2026-02-03 09:06:33.864');
INSERT INTO public.employee_skills (id, employee_id, tag_id, level, created_at) VALUES ('0c23b47f-11ab-4dae-a939-5a147ee42927', '29d30438-73c2-4b88-9038-50f0f9984cb8', '1dd27867-7015-4b12-947e-5d2752ca77e0', 'INTERMEDIATE', '2026-02-03 09:06:33.892');
INSERT INTO public.employee_skills (id, employee_id, tag_id, level, created_at) VALUES ('55d20a6c-a8af-40b9-beff-e45cbcb2cee4', '29d30438-73c2-4b88-9038-50f0f9984cb8', '2ca65141-db77-4747-9cb3-4f2df5aad93a', 'INTERMEDIATE', '2026-02-03 09:06:33.898');
INSERT INTO public.employee_skills (id, employee_id, tag_id, level, created_at) VALUES ('dac45463-5889-45d2-b37f-f1ef5cdf27dd', '29d30438-73c2-4b88-9038-50f0f9984cb8', '0f0729e9-ea25-4ac4-ab05-f4f5672e72e6', 'INTERMEDIATE', '2026-02-03 09:06:33.907');
INSERT INTO public.employee_skills (id, employee_id, tag_id, level, created_at) VALUES ('ff9946a7-739a-44f1-8fbc-95d0136e654f', '29d30438-73c2-4b88-9038-50f0f9984cb8', '73884b51-3473-4811-98d7-baec93556079', 'INTERMEDIATE', '2026-02-03 09:06:33.913');
INSERT INTO public.employee_skills (id, employee_id, tag_id, level, created_at) VALUES ('09a5119f-8c50-4ddf-9fb1-9b2b7fc42f5f', '29d30438-73c2-4b88-9038-50f0f9984cb8', '36ffc29a-733b-453f-aa66-04f3facff604', 'INTERMEDIATE', '2026-02-03 09:06:33.919');
INSERT INTO public.employee_skills (id, employee_id, tag_id, level, created_at) VALUES ('d5d4d56f-beae-4f9c-95f8-1435a29ec717', '4b83de2f-a7f5-4e99-8bc7-ce064ee4fbf5', 'dea9ce87-efc3-49af-8811-22f3c7e2992d', 'INTERMEDIATE', '2026-02-03 09:06:33.931');
INSERT INTO public.employee_skills (id, employee_id, tag_id, level, created_at) VALUES ('fd49e80f-6a93-4065-aa24-b2eed5e56de3', '4b83de2f-a7f5-4e99-8bc7-ce064ee4fbf5', '3fff8e58-b7b6-44a4-b334-272866534446', 'INTERMEDIATE', '2026-02-03 09:06:33.937');
INSERT INTO public.employee_skills (id, employee_id, tag_id, level, created_at) VALUES ('23e56016-96de-4f31-9791-d096f8eef0c8', '4b83de2f-a7f5-4e99-8bc7-ce064ee4fbf5', '35b79bbf-f1f6-404b-a88d-de9e2a10b125', 'INTERMEDIATE', '2026-02-03 09:06:33.943');
INSERT INTO public.employee_skills (id, employee_id, tag_id, level, created_at) VALUES ('570b28f0-9c49-4012-a98e-e3c650b82eb7', '4b83de2f-a7f5-4e99-8bc7-ce064ee4fbf5', '13fdcf34-563d-4a7f-baa3-5f2bf8fa186b', 'INTERMEDIATE', '2026-02-03 09:06:33.949');
INSERT INTO public.employee_skills (id, employee_id, tag_id, level, created_at) VALUES ('e3615d5c-7118-465e-ae08-f3a2d7c04c9c', 'e7429f85-d2ef-48f4-9df9-053cf9b91541', '06b0711a-1251-49b0-b7b1-aa80da910df3', 'INTERMEDIATE', '2026-02-03 09:06:33.962');
INSERT INTO public.employee_skills (id, employee_id, tag_id, level, created_at) VALUES ('0654bb4a-0825-4d5b-afcc-4678356d44b3', 'e7429f85-d2ef-48f4-9df9-053cf9b91541', '106be739-6a9e-4527-b71b-1b33fff8f2f7', 'INTERMEDIATE', '2026-02-03 09:06:33.97');
INSERT INTO public.employee_skills (id, employee_id, tag_id, level, created_at) VALUES ('07904191-04a1-4180-b712-26ef2c6daa68', 'a2a8b25b-565b-4d7b-86a4-ee6826d46fb2', '080387f7-db87-470a-bddb-2bf2daf0ecbc', 'INTERMEDIATE', '2026-02-03 09:06:33.98');
INSERT INTO public.employee_skills (id, employee_id, tag_id, level, created_at) VALUES ('c5c44a3a-6c36-4ec7-bde8-b284733296b0', 'a2a8b25b-565b-4d7b-86a4-ee6826d46fb2', '8bf2d934-5a77-445e-abb9-392697a3b23e', 'INTERMEDIATE', '2026-02-03 09:06:33.985');
INSERT INTO public.employee_skills (id, employee_id, tag_id, level, created_at) VALUES ('ade892c5-b0f3-4b73-afca-a346f56a896f', 'a2a8b25b-565b-4d7b-86a4-ee6826d46fb2', '7750b811-faae-4e71-b37c-7823464ec63f', 'INTERMEDIATE', '2026-02-03 09:06:33.993');
INSERT INTO public.employee_skills (id, employee_id, tag_id, level, created_at) VALUES ('0ad53c1d-6c7e-4526-9ac1-40558742fb5b', '19676781-fccd-4ee8-ab4f-fa89b265c340', 'd8bc2e1a-57f8-46d2-8d28-ffc3ec662811', 'INTERMEDIATE', '2026-02-03 09:06:34.005');
INSERT INTO public.employee_skills (id, employee_id, tag_id, level, created_at) VALUES ('d4414bfc-04c6-4faa-9bdf-d5d1b63c6c78', '19676781-fccd-4ee8-ab4f-fa89b265c340', 'b9c983a3-6538-4926-83b3-b1aab3dab011', 'INTERMEDIATE', '2026-02-03 09:06:34.014');
INSERT INTO public.employee_skills (id, employee_id, tag_id, level, created_at) VALUES ('37d94807-0e56-40dc-958f-c803d9434402', '19676781-fccd-4ee8-ab4f-fa89b265c340', '63d89265-1450-41d8-955b-13c704953008', 'INTERMEDIATE', '2026-02-03 09:06:34.023');
INSERT INTO public.employee_skills (id, employee_id, tag_id, level, created_at) VALUES ('9953a831-f9e7-43dc-ba02-bc0d9c7e61a2', '50f59999-2154-4296-a189-ef312577b37a', 'fb7e0119-b559-48c0-9cd7-9400de3b14d0', 'INTERMEDIATE', '2026-02-03 09:06:34.04');
INSERT INTO public.employee_skills (id, employee_id, tag_id, level, created_at) VALUES ('c106954e-bc39-48fb-bd93-01ce28d8853b', '8a643601-081e-474b-bbbd-337c1da41079', '080387f7-db87-470a-bddb-2bf2daf0ecbc', 'INTERMEDIATE', '2026-02-03 09:06:34.058');
INSERT INTO public.employee_skills (id, employee_id, tag_id, level, created_at) VALUES ('33d1d4c4-d987-448a-a860-2691d4f55c40', '1a35c8a9-934a-416a-8c45-1c7788092a20', '3d6fb537-7163-40f4-bd04-3b52e16a57d9', 'INTERMEDIATE', '2026-02-03 09:06:34.075');
INSERT INTO public.employee_skills (id, employee_id, tag_id, level, created_at) VALUES ('4e6778b3-fdbc-4c37-ad06-348f05d8bdcf', '1a35c8a9-934a-416a-8c45-1c7788092a20', 'c5dc7709-e95a-4054-add9-3366c89fcc38', 'INTERMEDIATE', '2026-02-03 09:06:34.083');
INSERT INTO public.employee_skills (id, employee_id, tag_id, level, created_at) VALUES ('1c489054-e643-4a20-a180-c36b0e7c92c1', '1a35c8a9-934a-416a-8c45-1c7788092a20', '8bf2d934-5a77-445e-abb9-392697a3b23e', 'INTERMEDIATE', '2026-02-03 09:06:34.087');
INSERT INTO public.employee_skills (id, employee_id, tag_id, level, created_at) VALUES ('663aca39-707f-4334-a383-55db5800bdb1', '1a35c8a9-934a-416a-8c45-1c7788092a20', '46e1d4ac-d69b-4447-840a-e82d08747ab9', 'INTERMEDIATE', '2026-02-03 09:06:34.094');
INSERT INTO public.employee_skills (id, employee_id, tag_id, level, created_at) VALUES ('80ebf5c8-890f-460c-a47c-a2879041d60f', '1a35c8a9-934a-416a-8c45-1c7788092a20', '1f75a291-07e5-4f2e-827b-ecafe8a9bb07', 'INTERMEDIATE', '2026-02-03 09:06:34.102');
INSERT INTO public.employee_skills (id, employee_id, tag_id, level, created_at) VALUES ('fed8ab06-1c6f-412c-a345-21940bcf9198', '4df5dc99-be72-4c0a-ac8c-92c0bd885473', 'ee4e603f-4d9f-47bd-bcae-06824ab8d633', 'INTERMEDIATE', '2026-02-03 09:06:34.114');
INSERT INTO public.employee_skills (id, employee_id, tag_id, level, created_at) VALUES ('ccb839e5-1b7a-4602-bc8e-fd3b1c366a60', '3d200b03-d057-4cc0-bb94-b709f64c6fef', '1dd27867-7015-4b12-947e-5d2752ca77e0', 'INTERMEDIATE', '2026-02-03 09:06:34.125');
INSERT INTO public.employee_skills (id, employee_id, tag_id, level, created_at) VALUES ('3f9f849a-697b-4c4b-b434-3b408c5cdceb', '3d200b03-d057-4cc0-bb94-b709f64c6fef', '7f66f03b-64cd-4972-a52e-a2b449cb57f6', 'INTERMEDIATE', '2026-02-03 09:06:34.132');
INSERT INTO public.employee_skills (id, employee_id, tag_id, level, created_at) VALUES ('82ec8eb6-1392-467f-be7b-cde474fc0e96', 'c5e53728-5fe9-4292-b2a0-12cbf772f00a', '3d6fb537-7163-40f4-bd04-3b52e16a57d9', 'INTERMEDIATE', '2026-02-03 09:06:34.144');
INSERT INTO public.employee_skills (id, employee_id, tag_id, level, created_at) VALUES ('7f2c9fed-e5de-464a-9fc9-bd42ffa4b63b', 'c5e53728-5fe9-4292-b2a0-12cbf772f00a', '32618f4e-f331-4f83-aa94-44faef583db4', 'INTERMEDIATE', '2026-02-03 09:06:34.15');
INSERT INTO public.employee_skills (id, employee_id, tag_id, level, created_at) VALUES ('84e3b921-b101-4334-b268-58f534ae8a51', '49dc6221-390e-4155-bf64-a7562a87a4b6', '3d6fb537-7163-40f4-bd04-3b52e16a57d9', 'INTERMEDIATE', '2026-02-03 09:06:34.162');
INSERT INTO public.employee_skills (id, employee_id, tag_id, level, created_at) VALUES ('e5913039-aff0-4a72-918e-c6ef8879ea61', '49dc6221-390e-4155-bf64-a7562a87a4b6', '2807f83a-f288-45b1-ad49-879b8d4bb9d7', 'INTERMEDIATE', '2026-02-03 09:06:34.168');
INSERT INTO public.employee_skills (id, employee_id, tag_id, level, created_at) VALUES ('a131d727-2ff7-4a4b-b22d-fc859ef25247', 'b7a46fe7-85c5-4e11-9d16-da72b0d496ad', '1b30a169-6c2a-416c-9e99-917224aca772', 'INTERMEDIATE', '2026-02-03 09:06:34.192');
INSERT INTO public.employee_skills (id, employee_id, tag_id, level, created_at) VALUES ('5034e905-5a5e-4f3d-a644-d1fe8cbde7b5', 'b7a46fe7-85c5-4e11-9d16-da72b0d496ad', '1730dd1b-38cc-44b6-b155-e40049de2869', 'INTERMEDIATE', '2026-02-03 09:06:34.199');
INSERT INTO public.employee_skills (id, employee_id, tag_id, level, created_at) VALUES ('790a658d-a122-47aa-9e55-45adab91c6ac', 'b7a46fe7-85c5-4e11-9d16-da72b0d496ad', '080387f7-db87-470a-bddb-2bf2daf0ecbc', 'INTERMEDIATE', '2026-02-03 09:06:34.205');
INSERT INTO public.employee_skills (id, employee_id, tag_id, level, created_at) VALUES ('e9ac9ddd-0c59-4103-b8dc-f83b64632bf1', '4930dff4-fe34-4b4c-9780-dfa02960e1b6', '2d1db03d-b3f8-410c-b8c3-2a0aca29a9d6', 'INTERMEDIATE', '2026-02-03 09:06:34.24');
INSERT INTO public.employee_skills (id, employee_id, tag_id, level, created_at) VALUES ('0e819006-c41f-4c28-8927-153d716b6a33', '4af3cb54-c718-4400-9749-68e17d0b2b8f', '3d6fb537-7163-40f4-bd04-3b52e16a57d9', 'INTERMEDIATE', '2026-02-03 09:06:34.257');
INSERT INTO public.employee_skills (id, employee_id, tag_id, level, created_at) VALUES ('c003c8bb-4134-4b4f-9866-f2502472d058', '4af3cb54-c718-4400-9749-68e17d0b2b8f', '2807f83a-f288-45b1-ad49-879b8d4bb9d7', 'INTERMEDIATE', '2026-02-03 09:06:34.264');
INSERT INTO public.employee_skills (id, employee_id, tag_id, level, created_at) VALUES ('06ec48d8-ca3d-4fd6-a622-fa9b3530ebdd', 'be0c7a36-9687-4d0b-9275-78399ffe4720', '456e2d5f-837f-415d-86c1-ef59f8fd5874', 'INTERMEDIATE', '2026-02-03 09:06:34.279');
INSERT INTO public.employee_skills (id, employee_id, tag_id, level, created_at) VALUES ('b74035fa-d6c6-4fa9-a61d-156697c23914', 'be0c7a36-9687-4d0b-9275-78399ffe4720', 'ee7d5522-774e-4337-a95f-a04595140b02', 'INTERMEDIATE', '2026-02-03 09:06:34.288');
INSERT INTO public.employee_skills (id, employee_id, tag_id, level, created_at) VALUES ('0fe6244a-1010-4a39-b5ab-5c233fad1523', 'be0c7a36-9687-4d0b-9275-78399ffe4720', '5121d440-dff5-4c2c-a4d8-585c4b003c2a', 'INTERMEDIATE', '2026-02-03 09:06:34.295');
INSERT INTO public.employee_skills (id, employee_id, tag_id, level, created_at) VALUES ('03e377bb-0814-4aac-b195-01430d2b888e', 'be0c7a36-9687-4d0b-9275-78399ffe4720', '2aa7445a-9269-439e-84cd-e8e776d230a3', 'INTERMEDIATE', '2026-02-03 09:06:34.303');
INSERT INTO public.employee_skills (id, employee_id, tag_id, level, created_at) VALUES ('eb4f6226-b02c-4123-899d-f987bd03af24', 'be0c7a36-9687-4d0b-9275-78399ffe4720', '031aec6d-6215-4a25-9c8f-4d1623d273ae', 'INTERMEDIATE', '2026-02-03 09:06:34.311');
INSERT INTO public.employee_skills (id, employee_id, tag_id, level, created_at) VALUES ('f8c98a87-689c-47fa-838d-1804965e3040', 'b37133a9-7c51-4839-9321-68ce9ab0fe99', '189ca5a2-a70d-4383-a2a3-cb0adbfad8f3', 'INTERMEDIATE', '2026-02-03 09:06:34.325');
INSERT INTO public.employee_skills (id, employee_id, tag_id, level, created_at) VALUES ('ed34b43e-8d1b-4e93-be9c-4e064dd8afdc', '346568d9-bef8-4ea3-823b-9d4857288fc4', '456e2d5f-837f-415d-86c1-ef59f8fd5874', 'INTERMEDIATE', '2026-02-03 09:06:34.343');
INSERT INTO public.employee_skills (id, employee_id, tag_id, level, created_at) VALUES ('7b44ff7a-b8c5-4993-9b15-d1553a0b74ad', '346568d9-bef8-4ea3-823b-9d4857288fc4', '1dd27867-7015-4b12-947e-5d2752ca77e0', 'INTERMEDIATE', '2026-02-03 09:06:34.349');
INSERT INTO public.employee_skills (id, employee_id, tag_id, level, created_at) VALUES ('42b348cf-d112-4159-aa3a-8fbd460c10b6', '17d44cf7-4653-4b3c-b300-9a92842e7971', '2807f83a-f288-45b1-ad49-879b8d4bb9d7', 'INTERMEDIATE', '2026-02-03 09:06:34.362');
INSERT INTO public.employee_skills (id, employee_id, tag_id, level, created_at) VALUES ('29073a36-c366-418b-aaf3-74f23643e2e5', '6461b8e3-03c4-4fb8-8eb4-4a0354347f9e', '3d6fb537-7163-40f4-bd04-3b52e16a57d9', 'INTERMEDIATE', '2026-02-03 09:06:34.374');
INSERT INTO public.employee_skills (id, employee_id, tag_id, level, created_at) VALUES ('924cfd51-d42b-44ac-bbb9-18affea54a71', 'b23b38ef-2aaa-4ecb-a65a-5102f2d6a3e4', '1dd27867-7015-4b12-947e-5d2752ca77e0', 'INTERMEDIATE', '2026-02-03 09:06:34.384');
INSERT INTO public.employee_skills (id, employee_id, tag_id, level, created_at) VALUES ('792e6f85-1111-4d70-a0ce-70c4fdda8bc9', '33ce946b-06d2-4bfa-b089-ff59348b3603', '3d6fb537-7163-40f4-bd04-3b52e16a57d9', 'INTERMEDIATE', '2026-02-03 09:06:34.395');
INSERT INTO public.employee_skills (id, employee_id, tag_id, level, created_at) VALUES ('e6989db1-ea6e-4aef-9dd6-1b0135e7fb43', '7da70b6c-f25d-4113-8d8b-ccb4e4367e32', '3d6fb537-7163-40f4-bd04-3b52e16a57d9', 'INTERMEDIATE', '2026-02-03 09:06:34.408');
INSERT INTO public.employee_skills (id, employee_id, tag_id, level, created_at) VALUES ('e1244111-3a82-44c0-a8b2-b5f9b7e8026c', '7da70b6c-f25d-4113-8d8b-ccb4e4367e32', '7e1a835b-29e3-4442-bb12-d6066ad8c339', 'INTERMEDIATE', '2026-02-03 09:06:34.414');
INSERT INTO public.employee_skills (id, employee_id, tag_id, level, created_at) VALUES ('14cefc9c-f08b-4b8e-a435-9b0520d099b6', '6dd92b2a-8f2e-4231-afc0-2414da51929b', '7f66f03b-64cd-4972-a52e-a2b449cb57f6', 'INTERMEDIATE', '2026-02-03 09:06:34.43');
INSERT INTO public.employee_skills (id, employee_id, tag_id, level, created_at) VALUES ('747a865f-0f74-4305-b116-60dcb80dc72b', '006edf11-b5e7-4837-a4a6-791604b84c06', '1dd27867-7015-4b12-947e-5d2752ca77e0', 'INTERMEDIATE', '2026-02-03 09:06:34.441');
INSERT INTO public.employee_skills (id, employee_id, tag_id, level, created_at) VALUES ('fe639101-079e-4402-9f02-54d1896f61d8', '006edf11-b5e7-4837-a4a6-791604b84c06', '709ea716-7d5f-4abd-ab35-21ca6bb18a41', 'INTERMEDIATE', '2026-02-03 09:06:34.446');
INSERT INTO public.employee_skills (id, employee_id, tag_id, level, created_at) VALUES ('6c6208aa-d0bb-4141-8585-d37b56996035', '006edf11-b5e7-4837-a4a6-791604b84c06', '456e2d5f-837f-415d-86c1-ef59f8fd5874', 'INTERMEDIATE', '2026-02-03 09:06:34.451');
INSERT INTO public.employee_skills (id, employee_id, tag_id, level, created_at) VALUES ('02157b56-05bc-41e6-9f8f-5b181f591957', '006edf11-b5e7-4837-a4a6-791604b84c06', 'e6fbe0d4-1d09-466a-a798-6c9512225e09', 'INTERMEDIATE', '2026-02-03 09:06:34.458');
INSERT INTO public.employee_skills (id, employee_id, tag_id, level, created_at) VALUES ('1232bd68-2ef2-47ff-aad0-ffa1e8aa8bb6', '006edf11-b5e7-4837-a4a6-791604b84c06', 'bececdae-6f30-40d2-a51a-892e1a04e37c', 'INTERMEDIATE', '2026-02-03 09:06:34.468');
INSERT INTO public.employee_skills (id, employee_id, tag_id, level, created_at) VALUES ('3bb5a914-ec6d-4cce-9cda-cdad6bb7f2ed', 'f526e929-4bbf-4444-9768-f11f4ba182ff', '7f66f03b-64cd-4972-a52e-a2b449cb57f6', 'INTERMEDIATE', '2026-02-03 09:06:34.48');
INSERT INTO public.employee_skills (id, employee_id, tag_id, level, created_at) VALUES ('fc890862-6856-4c32-8afe-ffb076572927', 'f526e929-4bbf-4444-9768-f11f4ba182ff', 'bd3a6c45-7392-40da-9f3b-8f271fb56b24', 'INTERMEDIATE', '2026-02-03 09:06:34.489');
INSERT INTO public.employee_skills (id, employee_id, tag_id, level, created_at) VALUES ('cdc598ec-c061-4f80-881a-39cb175cdfc1', 'f9dd4f21-999b-46bc-ac99-b2a764aae650', 'b1a967c9-170a-48f1-958f-e952d7b468c9', 'INTERMEDIATE', '2026-02-03 09:06:34.501');
INSERT INTO public.employee_skills (id, employee_id, tag_id, level, created_at) VALUES ('3b40d96b-0c8b-441a-a483-507721713f54', 'f9dd4f21-999b-46bc-ac99-b2a764aae650', 'b16af38b-dead-4230-a340-aac55d251fd6', 'INTERMEDIATE', '2026-02-03 09:06:34.509');
INSERT INTO public.employee_skills (id, employee_id, tag_id, level, created_at) VALUES ('a7a5215a-ed5c-4175-9f74-6c8e8d44c8c3', 'f9dd4f21-999b-46bc-ac99-b2a764aae650', '7df2743e-aeb4-4f7c-9958-fdda99d2251a', 'INTERMEDIATE', '2026-02-03 09:06:34.516');
INSERT INTO public.employee_skills (id, employee_id, tag_id, level, created_at) VALUES ('f7d6e437-21e9-4ca1-bfd7-addb335cb123', 'f9dd4f21-999b-46bc-ac99-b2a764aae650', '603efb05-812e-494f-89ce-49a59a0b955a', 'INTERMEDIATE', '2026-02-03 09:06:34.522');
INSERT INTO public.employee_skills (id, employee_id, tag_id, level, created_at) VALUES ('2ad04190-bd98-43e6-9b73-c8c65273a7d5', 'f9dd4f21-999b-46bc-ac99-b2a764aae650', 'a275048a-5cbc-47d1-a7f3-9d2b27463267', 'INTERMEDIATE', '2026-02-03 09:06:34.531');
INSERT INTO public.employee_skills (id, employee_id, tag_id, level, created_at) VALUES ('b768585a-e4ee-4bec-8c82-4c72d79cd929', 'f9dd4f21-999b-46bc-ac99-b2a764aae650', '3271fffe-32f5-4db0-8aac-3c4b5690cce0', 'INTERMEDIATE', '2026-02-03 09:06:34.539');
INSERT INTO public.employee_skills (id, employee_id, tag_id, level, created_at) VALUES ('b93f3266-68e5-4003-ae56-744d05c00ad0', 'b5bf9d53-a377-44bd-b1f2-5d4a8a38ed56', 'a9e39414-b2ea-4ef6-9050-ffc776cc47b8', 'INTERMEDIATE', '2026-02-03 09:06:34.559');
INSERT INTO public.employee_skills (id, employee_id, tag_id, level, created_at) VALUES ('1d9bafe1-9287-4592-830d-9d5e73efb081', 'b5bf9d53-a377-44bd-b1f2-5d4a8a38ed56', '4fb2fe00-83a6-4a1f-8ea8-9c99b281fe8c', 'INTERMEDIATE', '2026-02-03 09:06:34.566');
INSERT INTO public.employee_skills (id, employee_id, tag_id, level, created_at) VALUES ('3b2d494e-03fe-4cac-bff1-da3be055fa66', '3869d2e9-c9a3-448c-a565-3cf9db772b73', 'da2222ee-0551-4b9c-8c85-9e035f0ec57b', 'INTERMEDIATE', '2026-02-03 09:06:34.58');
INSERT INTO public.employee_skills (id, employee_id, tag_id, level, created_at) VALUES ('4a34f12b-b92c-4638-b316-7bdb042ead6c', 'e594edca-cc0f-4846-812b-c9e0a3ddf259', '3d6fb537-7163-40f4-bd04-3b52e16a57d9', 'INTERMEDIATE', '2026-02-03 09:06:34.591');
INSERT INTO public.employee_skills (id, employee_id, tag_id, level, created_at) VALUES ('d981c77f-9a22-46b0-a9dd-ab6608cb5afc', 'e594edca-cc0f-4846-812b-c9e0a3ddf259', '080387f7-db87-470a-bddb-2bf2daf0ecbc', 'INTERMEDIATE', '2026-02-03 09:06:34.595');
INSERT INTO public.employee_skills (id, employee_id, tag_id, level, created_at) VALUES ('8096110c-c8fe-4914-a764-dbd3b0179776', 'e594edca-cc0f-4846-812b-c9e0a3ddf259', '7e1a835b-29e3-4442-bb12-d6066ad8c339', 'INTERMEDIATE', '2026-02-03 09:06:34.6');
INSERT INTO public.employee_skills (id, employee_id, tag_id, level, created_at) VALUES ('12781cc1-379b-42b2-80fc-5a542884d0eb', 'e594edca-cc0f-4846-812b-c9e0a3ddf259', 'cf1961c9-bee6-47cf-baca-aa54a693e1f8', 'INTERMEDIATE', '2026-02-03 09:06:34.608');
INSERT INTO public.employee_skills (id, employee_id, tag_id, level, created_at) VALUES ('41554ddb-7f06-45a3-870e-573fa2da4b5e', 'e594edca-cc0f-4846-812b-c9e0a3ddf259', 'da5552c9-bb9b-4b35-9dd5-f4af0abe11db', 'INTERMEDIATE', '2026-02-03 09:06:34.616');
INSERT INTO public.employee_skills (id, employee_id, tag_id, level, created_at) VALUES ('07c698b0-ed3a-4049-aa35-c85051c852ea', 'e594edca-cc0f-4846-812b-c9e0a3ddf259', 'e4be917c-f473-4277-841d-ea3d79716022', 'INTERMEDIATE', '2026-02-03 09:06:34.623');
INSERT INTO public.employee_skills (id, employee_id, tag_id, level, created_at) VALUES ('40ba1504-c167-4d30-9f41-2859c16ae857', 'e594edca-cc0f-4846-812b-c9e0a3ddf259', 'd67e2b2e-cd0d-471c-a052-b80bd8332d27', 'INTERMEDIATE', '2026-02-03 09:06:34.63');
INSERT INTO public.employee_skills (id, employee_id, tag_id, level, created_at) VALUES ('242fae77-7d02-45de-88a7-afb2de52cc86', 'e594edca-cc0f-4846-812b-c9e0a3ddf259', 'c5dc7709-e95a-4054-add9-3366c89fcc38', 'INTERMEDIATE', '2026-02-03 09:06:34.634');
INSERT INTO public.employee_skills (id, employee_id, tag_id, level, created_at) VALUES ('b5bc2677-e7c1-4f5f-947f-bd2d3e21b92c', 'f0f2cd35-b1ef-4c2c-b7bf-83e4920f79ad', '905adf5d-2a29-4cc7-84a8-fd02be6e2736', 'INTERMEDIATE', '2026-02-03 09:06:34.65');
INSERT INTO public.employee_skills (id, employee_id, tag_id, level, created_at) VALUES ('864613a8-5553-49e4-8d4d-a7135e4f342e', 'f0f2cd35-b1ef-4c2c-b7bf-83e4920f79ad', '080387f7-db87-470a-bddb-2bf2daf0ecbc', 'INTERMEDIATE', '2026-02-03 09:06:34.659');
INSERT INTO public.employee_skills (id, employee_id, tag_id, level, created_at) VALUES ('832e261e-0821-45e2-87a5-a77b06c5400c', 'f0f2cd35-b1ef-4c2c-b7bf-83e4920f79ad', '06b079f1-8ffd-4d06-ade9-90135cf276a6', 'INTERMEDIATE', '2026-02-03 09:06:34.668');
INSERT INTO public.employee_skills (id, employee_id, tag_id, level, created_at) VALUES ('105c6c81-acf1-4f32-a7d0-21d440f4cb2f', 'cea13ece-90bf-4a50-9228-2782a243cfed', '2b035fa5-72bf-44db-ba55-b8f9ab845cb0', 'INTERMEDIATE', '2026-02-03 09:06:34.691');
INSERT INTO public.employee_skills (id, employee_id, tag_id, level, created_at) VALUES ('b5ba539e-3ced-4971-83c6-01d339a6a5a8', '872738fe-c017-4ce5-9603-3a2e3b65345a', '905adf5d-2a29-4cc7-84a8-fd02be6e2736', 'INTERMEDIATE', '2026-02-03 09:06:34.71');
INSERT INTO public.employee_skills (id, employee_id, tag_id, level, created_at) VALUES ('993fed83-2859-415f-bc4b-6a1c91b9594d', '872738fe-c017-4ce5-9603-3a2e3b65345a', '080387f7-db87-470a-bddb-2bf2daf0ecbc', 'INTERMEDIATE', '2026-02-03 09:06:34.717');
INSERT INTO public.employee_skills (id, employee_id, tag_id, level, created_at) VALUES ('08511e25-0c52-47f3-9adb-e8c41e3405c5', '872738fe-c017-4ce5-9603-3a2e3b65345a', '456e2d5f-837f-415d-86c1-ef59f8fd5874', 'INTERMEDIATE', '2026-02-03 09:06:34.723');
INSERT INTO public.employee_skills (id, employee_id, tag_id, level, created_at) VALUES ('90607e8c-ea07-49a0-83ce-a1ac261d3e08', '872738fe-c017-4ce5-9603-3a2e3b65345a', '06b079f1-8ffd-4d06-ade9-90135cf276a6', 'INTERMEDIATE', '2026-02-03 09:06:34.731');
INSERT INTO public.employee_skills (id, employee_id, tag_id, level, created_at) VALUES ('738baa91-a6f1-4a43-9110-f8a2211e8a27', '719f577b-bbfa-4b3c-83aa-a3c336424801', '905adf5d-2a29-4cc7-84a8-fd02be6e2736', 'INTERMEDIATE', '2026-02-03 09:06:34.747');
INSERT INTO public.employee_skills (id, employee_id, tag_id, level, created_at) VALUES ('0e0ac372-aee8-4a34-ba64-9aa33c4b5911', '719f577b-bbfa-4b3c-83aa-a3c336424801', '456e2d5f-837f-415d-86c1-ef59f8fd5874', 'INTERMEDIATE', '2026-02-03 09:06:34.753');
INSERT INTO public.employee_skills (id, employee_id, tag_id, level, created_at) VALUES ('8eca8bd6-27fd-4d56-b1bb-21a20e20aa44', '1c77fabf-f9d7-4e37-abc2-5650e901c71b', '905adf5d-2a29-4cc7-84a8-fd02be6e2736', 'INTERMEDIATE', '2026-02-03 09:06:34.765');
INSERT INTO public.employee_skills (id, employee_id, tag_id, level, created_at) VALUES ('eea283c6-ee72-4e8e-9c82-7f9400af2a65', '1c77fabf-f9d7-4e37-abc2-5650e901c71b', '053cad64-5f5d-4724-b46e-4639ad709546', 'INTERMEDIATE', '2026-02-03 09:06:34.774');
INSERT INTO public.employee_skills (id, employee_id, tag_id, level, created_at) VALUES ('f047f0a2-c36b-49f6-aaca-107611e1cf16', '1c77fabf-f9d7-4e37-abc2-5650e901c71b', 'f6df3816-ad9e-4925-a5c0-1b9fee18ac61', 'INTERMEDIATE', '2026-02-03 09:06:34.779');
INSERT INTO public.employee_skills (id, employee_id, tag_id, level, created_at) VALUES ('b35d5a6a-e6cc-485e-84ef-2e6b30e888d2', '02c2cea7-2098-4d3d-846f-944dfc127b5c', '2b035fa5-72bf-44db-ba55-b8f9ab845cb0', 'INTERMEDIATE', '2026-02-03 09:06:34.79');
INSERT INTO public.employee_skills (id, employee_id, tag_id, level, created_at) VALUES ('f889a8af-c8f7-45f4-85f4-a94a7e971c3f', '02c2cea7-2098-4d3d-846f-944dfc127b5c', '6e5132b4-2bc4-4a97-b527-7c074d7100ed', 'INTERMEDIATE', '2026-02-03 09:06:34.797');
INSERT INTO public.employee_skills (id, employee_id, tag_id, level, created_at) VALUES ('a32b4fe6-9960-42e2-b9f0-09fef62d7bf1', '9ba97249-e90a-4d13-8378-a5d2ba5e54ec', '241c3677-a3f5-4353-8854-e7ca6be839c0', 'INTERMEDIATE', '2026-02-03 09:06:34.808');
INSERT INTO public.employee_skills (id, employee_id, tag_id, level, created_at) VALUES ('f363597d-225e-4b2d-8079-64d46dffee30', '6f8ecab7-ad54-495c-9b96-ebe23fa4a68b', '905adf5d-2a29-4cc7-84a8-fd02be6e2736', 'INTERMEDIATE', '2026-02-03 09:06:34.818');
INSERT INTO public.employee_skills (id, employee_id, tag_id, level, created_at) VALUES ('69999966-0027-412a-98cb-10d109f66473', '6f8ecab7-ad54-495c-9b96-ebe23fa4a68b', '080387f7-db87-470a-bddb-2bf2daf0ecbc', 'INTERMEDIATE', '2026-02-03 09:06:34.824');
INSERT INTO public.employee_skills (id, employee_id, tag_id, level, created_at) VALUES ('f47d9f3d-9617-46ae-9d76-dced417530f8', '6f8ecab7-ad54-495c-9b96-ebe23fa4a68b', '456e2d5f-837f-415d-86c1-ef59f8fd5874', 'INTERMEDIATE', '2026-02-03 09:06:34.83');
INSERT INTO public.employee_skills (id, employee_id, tag_id, level, created_at) VALUES ('628be09c-d1a4-4431-833f-c662b4d393eb', '99454f66-7520-4981-993a-5b774132f54d', '905adf5d-2a29-4cc7-84a8-fd02be6e2736', 'INTERMEDIATE', '2026-02-03 09:06:34.844');
INSERT INTO public.employee_skills (id, employee_id, tag_id, level, created_at) VALUES ('39b01539-633d-4d36-9a22-474ebd600f80', '99454f66-7520-4981-993a-5b774132f54d', '20e5286a-e1e5-40aa-86c4-8524ba0f1d00', 'INTERMEDIATE', '2026-02-03 09:06:34.851');
INSERT INTO public.employee_skills (id, employee_id, tag_id, level, created_at) VALUES ('f55db440-1281-4276-9649-32d80adac814', '1f07ca1c-67c1-4639-8b5d-6f38bbb19d06', 'd5f61390-00a4-4581-9577-99a12d3df922', 'INTERMEDIATE', '2026-02-03 09:06:34.868');
INSERT INTO public.employee_skills (id, employee_id, tag_id, level, created_at) VALUES ('2b705579-1e27-46b0-aff1-6adf8778914a', 'a3e3e8c8-e7c5-4bd1-bdaf-e9fac6330779', '6e5132b4-2bc4-4a97-b527-7c074d7100ed', 'INTERMEDIATE', '2026-02-03 09:06:34.888');
INSERT INTO public.employee_skills (id, employee_id, tag_id, level, created_at) VALUES ('126ae667-669d-45d8-b63a-671550e4444d', 'ab60a452-48f1-4c9e-a982-900a961bcd57', '456e2d5f-837f-415d-86c1-ef59f8fd5874', 'INTERMEDIATE', '2026-02-03 09:06:34.9');
INSERT INTO public.employee_skills (id, employee_id, tag_id, level, created_at) VALUES ('0c8013a8-0507-44d0-9511-810345790bd1', 'ab60a452-48f1-4c9e-a982-900a961bcd57', '080387f7-db87-470a-bddb-2bf2daf0ecbc', 'INTERMEDIATE', '2026-02-03 09:06:34.907');
INSERT INTO public.employee_skills (id, employee_id, tag_id, level, created_at) VALUES ('82e6ca4a-85de-4667-835b-1ddfde6ecc8a', 'ab60a452-48f1-4c9e-a982-900a961bcd57', '1dd27867-7015-4b12-947e-5d2752ca77e0', 'INTERMEDIATE', '2026-02-03 09:06:34.913');
INSERT INTO public.employee_skills (id, employee_id, tag_id, level, created_at) VALUES ('09c17737-0aae-4a4d-af3e-f3c108d4ba39', 'ab60a452-48f1-4c9e-a982-900a961bcd57', '7e1a835b-29e3-4442-bb12-d6066ad8c339', 'INTERMEDIATE', '2026-02-03 09:06:34.918');
INSERT INTO public.employee_skills (id, employee_id, tag_id, level, created_at) VALUES ('4f2d6285-32df-4bae-a121-2a21635d25ca', 'ab60a452-48f1-4c9e-a982-900a961bcd57', 'e6fbe0d4-1d09-466a-a798-6c9512225e09', 'INTERMEDIATE', '2026-02-03 09:06:34.923');
INSERT INTO public.employee_skills (id, employee_id, tag_id, level, created_at) VALUES ('e7866ac7-a907-487a-8e0e-02459a44cdbd', 'ab60a452-48f1-4c9e-a982-900a961bcd57', 'f0243e6a-deeb-490f-b75e-f5433abfaf91', 'INTERMEDIATE', '2026-02-03 09:06:34.928');
INSERT INTO public.employee_skills (id, employee_id, tag_id, level, created_at) VALUES ('d8a10acb-9b72-43c6-be17-74c506bd5f32', 'ab60a452-48f1-4c9e-a982-900a961bcd57', '1730dd1b-38cc-44b6-b155-e40049de2869', 'INTERMEDIATE', '2026-02-03 09:06:34.934');
INSERT INTO public.employee_skills (id, employee_id, tag_id, level, created_at) VALUES ('c02ad353-ea24-4d69-8c6f-17756e10c12a', 'ab60a452-48f1-4c9e-a982-900a961bcd57', '739dabc1-4f3d-40bf-a05c-9a08458f3633', 'INTERMEDIATE', '2026-02-03 09:06:34.941');
INSERT INTO public.employee_skills (id, employee_id, tag_id, level, created_at) VALUES ('ae4af9a7-dbb3-4c15-8fe2-66860a9bd899', '81574e4f-be09-4e70-adca-80c5849c1eb8', '905adf5d-2a29-4cc7-84a8-fd02be6e2736', 'INTERMEDIATE', '2026-02-03 09:06:34.963');
INSERT INTO public.employee_skills (id, employee_id, tag_id, level, created_at) VALUES ('b4cc4e5a-5188-4594-abb2-5ea1a4a1c7a5', '81574e4f-be09-4e70-adca-80c5849c1eb8', '080387f7-db87-470a-bddb-2bf2daf0ecbc', 'INTERMEDIATE', '2026-02-03 09:06:34.968');
INSERT INTO public.employee_skills (id, employee_id, tag_id, level, created_at) VALUES ('f45d65ec-0e06-46a8-9b3d-d8c0b7d7a9a3', '81574e4f-be09-4e70-adca-80c5849c1eb8', '1dd27867-7015-4b12-947e-5d2752ca77e0', 'INTERMEDIATE', '2026-02-03 09:06:34.975');
INSERT INTO public.employee_skills (id, employee_id, tag_id, level, created_at) VALUES ('9adaa2dd-2a5f-4147-b487-ef8cec88dbc3', '81574e4f-be09-4e70-adca-80c5849c1eb8', 'b5aed2e1-32dc-4370-a11b-89094ead047e', 'INTERMEDIATE', '2026-02-03 09:06:34.983');
INSERT INTO public.employee_skills (id, employee_id, tag_id, level, created_at) VALUES ('fa245ac4-a4f4-4107-9b4f-09ab76760996', 'a293d3c1-f649-4f8b-adc1-591ec25d84cc', '1fa1337e-c521-4c2f-bef1-7c71ba9fd773', 'INTERMEDIATE', '2026-02-03 09:06:35.035');
INSERT INTO public.employee_skills (id, employee_id, tag_id, level, created_at) VALUES ('959f5d8d-61c3-4c23-a768-2f7777907648', '5e3f8851-cf8b-4e95-ab7d-9f11fb112740', '905adf5d-2a29-4cc7-84a8-fd02be6e2736', 'INTERMEDIATE', '2026-02-03 09:06:35.056');
INSERT INTO public.employee_skills (id, employee_id, tag_id, level, created_at) VALUES ('c81d1713-c852-43ec-89ff-ec1ec9f90b08', 'f47588d7-8ffd-42df-8191-646f280ff729', '456e2d5f-837f-415d-86c1-ef59f8fd5874', 'INTERMEDIATE', '2026-02-03 09:06:35.069');
INSERT INTO public.employee_skills (id, employee_id, tag_id, level, created_at) VALUES ('5331836b-ff20-4471-9ef9-b4be65c1a344', '65f3b7ca-c8ee-4249-bc36-43e5f7a0c93a', '905adf5d-2a29-4cc7-84a8-fd02be6e2736', 'INTERMEDIATE', '2026-02-03 09:06:35.081');
INSERT INTO public.employee_skills (id, employee_id, tag_id, level, created_at) VALUES ('5f320144-a8d3-4f1a-bab4-3baeeeed6405', '65f3b7ca-c8ee-4249-bc36-43e5f7a0c93a', '080387f7-db87-470a-bddb-2bf2daf0ecbc', 'INTERMEDIATE', '2026-02-03 09:06:35.085');
INSERT INTO public.employee_skills (id, employee_id, tag_id, level, created_at) VALUES ('abd27ab3-8f7b-4fee-9723-fc9c6a164448', 'f54bbea1-dd9f-4e4c-a931-306019ebe560', 'e934b516-2f3a-429a-95c4-098ef352cc9f', 'INTERMEDIATE', '2026-02-03 09:06:35.102');
INSERT INTO public.employee_skills (id, employee_id, tag_id, level, created_at) VALUES ('bc03fccc-70d7-4a1b-9452-8d443444c54b', 'f54bbea1-dd9f-4e4c-a931-306019ebe560', 'a0a96e75-f214-4ebe-819a-433a85cea736', 'INTERMEDIATE', '2026-02-03 09:06:35.11');
INSERT INTO public.employee_skills (id, employee_id, tag_id, level, created_at) VALUES ('d51de0ef-1949-4295-95e7-dc1cec5f45b6', '8837b356-1993-404b-8910-54c12d6efa80', '23664f07-117f-440b-be93-ce473a32e8c4', 'INTERMEDIATE', '2026-02-03 09:06:35.149');
INSERT INTO public.employee_skills (id, employee_id, tag_id, level, created_at) VALUES ('d4f25ca4-937f-4a0a-88d4-3fd464f70345', '4a36bc86-d849-4ad9-9d07-75c724de7ee5', '74f03f00-c569-492f-b20a-3bb89055fd71', 'INTERMEDIATE', '2026-02-03 09:06:35.174');
INSERT INTO public.employee_skills (id, employee_id, tag_id, level, created_at) VALUES ('1197eecd-f53b-4d55-8629-ce63b949dac7', '54179070-f826-4dcd-ac3a-063e58c0c34c', 'a0a96e75-f214-4ebe-819a-433a85cea736', 'INTERMEDIATE', '2026-02-03 09:06:35.184');
INSERT INTO public.employee_skills (id, employee_id, tag_id, level, created_at) VALUES ('ae1d8b2e-e26c-4f8d-b838-d3fa768febd6', '54179070-f826-4dcd-ac3a-063e58c0c34c', 'bab9e479-53ba-44c7-a97e-5e37e04626cb', 'INTERMEDIATE', '2026-02-03 09:06:35.218');
INSERT INTO public.employee_skills (id, employee_id, tag_id, level, created_at) VALUES ('09831707-988a-4dca-9cbb-73527dd5531a', 'a0feebcf-16f1-422b-a534-f098d2905ecf', '80b9c0a7-fe5f-442b-8cd6-4a7da4e55762', 'INTERMEDIATE', '2026-02-03 09:06:35.243');
INSERT INTO public.employee_skills (id, employee_id, tag_id, level, created_at) VALUES ('b8bc4236-39f3-46b1-9685-cbefe299ef9c', '2ce5523c-d372-4765-b15d-9fb9cafa6430', '905adf5d-2a29-4cc7-84a8-fd02be6e2736', 'INTERMEDIATE', '2026-02-03 09:06:35.259');
INSERT INTO public.employee_skills (id, employee_id, tag_id, level, created_at) VALUES ('6cbbccc5-2dc5-44fe-8601-330f0311b5ff', '2ce5523c-d372-4765-b15d-9fb9cafa6430', '080387f7-db87-470a-bddb-2bf2daf0ecbc', 'INTERMEDIATE', '2026-02-03 09:06:35.29');
INSERT INTO public.employee_skills (id, employee_id, tag_id, level, created_at) VALUES ('58222c4c-8c7c-456e-884d-2c78e94ab41e', 'ed002797-a516-44a0-8978-429dab7ac77d', '6beaca1c-a073-46a3-a6ff-871f58227ea5', 'INTERMEDIATE', '2026-02-03 09:06:35.309');
INSERT INTO public.employee_skills (id, employee_id, tag_id, level, created_at) VALUES ('2317015e-74a2-491e-8516-da9b1cca9c2f', '9d76d68c-9fcb-440e-ba88-7618fec782bf', '69b61e54-531a-42fa-aacb-6b7e5ebd6fd6', 'INTERMEDIATE', '2026-02-03 09:06:35.325');
INSERT INTO public.employee_skills (id, employee_id, tag_id, level, created_at) VALUES ('870c8208-c432-41dd-b960-3926913e28ac', '6ad6c975-f7ad-4ba6-902f-d9ec19ab8234', 'd5f61390-00a4-4581-9577-99a12d3df922', 'INTERMEDIATE', '2026-02-03 09:06:35.336');
INSERT INTO public.employee_skills (id, employee_id, tag_id, level, created_at) VALUES ('ed33f9b6-de80-4484-a8c7-3a227423db2d', '6ad6c975-f7ad-4ba6-902f-d9ec19ab8234', '80164905-9e90-4a27-8897-29c5b0c2eb09', 'INTERMEDIATE', '2026-02-03 09:06:35.374');
INSERT INTO public.employee_skills (id, employee_id, tag_id, level, created_at) VALUES ('8fdcd849-02c1-42c0-83c6-c28c96e7484a', '228e3ef4-2e6d-4de3-955e-9f15c25e9f1e', 'b2f6804a-6dec-4ea9-a277-85791947e843', 'INTERMEDIATE', '2026-02-03 09:06:35.397');
INSERT INTO public.employee_skills (id, employee_id, tag_id, level, created_at) VALUES ('a1c90383-ad32-4b6c-805a-f9675eba8b90', '4906d6e3-3d55-493c-a435-5390dfbd8d1c', 'a2a46ee1-ba6d-4f2f-933a-4462bb751ece', 'INTERMEDIATE', '2026-02-03 09:06:35.409');
INSERT INTO public.employee_skills (id, employee_id, tag_id, level, created_at) VALUES ('57cce0b2-f008-43cb-b28e-ae7edf45cabf', '6511a84e-ed24-48d6-8c6a-7202e8a6569e', 'd5f61390-00a4-4581-9577-99a12d3df922', 'INTERMEDIATE', '2026-02-03 09:06:35.458');
INSERT INTO public.employee_skills (id, employee_id, tag_id, level, created_at) VALUES ('5cf8ef68-9946-418c-9f7d-cdb318d40ba1', '6511a84e-ed24-48d6-8c6a-7202e8a6569e', 'b5aed2e1-32dc-4370-a11b-89094ead047e', 'INTERMEDIATE', '2026-02-03 09:06:35.466');
INSERT INTO public.employee_skills (id, employee_id, tag_id, level, created_at) VALUES ('5c25c4ac-367d-4dcd-8e3e-4e41b0d5544c', '6511a84e-ed24-48d6-8c6a-7202e8a6569e', '905adf5d-2a29-4cc7-84a8-fd02be6e2736', 'INTERMEDIATE', '2026-02-03 09:06:35.471');
INSERT INTO public.employee_skills (id, employee_id, tag_id, level, created_at) VALUES ('8eca4378-5b25-4747-9d41-2237ab65595e', '6511a84e-ed24-48d6-8c6a-7202e8a6569e', '06b079f1-8ffd-4d06-ade9-90135cf276a6', 'INTERMEDIATE', '2026-02-03 09:06:35.476');
INSERT INTO public.employee_skills (id, employee_id, tag_id, level, created_at) VALUES ('83c2c982-10d3-452c-b29a-5727b0924ec4', '2f77d6c1-672f-45a4-bbf8-159ca402269e', 'd5f61390-00a4-4581-9577-99a12d3df922', 'INTERMEDIATE', '2026-02-03 09:06:35.486');
INSERT INTO public.employee_skills (id, employee_id, tag_id, level, created_at) VALUES ('f3637792-5189-49f6-832c-574663a9dde6', '2f77d6c1-672f-45a4-bbf8-159ca402269e', '06b079f1-8ffd-4d06-ade9-90135cf276a6', 'INTERMEDIATE', '2026-02-03 09:06:35.491');
INSERT INTO public.employee_skills (id, employee_id, tag_id, level, created_at) VALUES ('195007ba-03db-40c0-b791-4e488fba06a4', '2f77d6c1-672f-45a4-bbf8-159ca402269e', 'b5aed2e1-32dc-4370-a11b-89094ead047e', 'INTERMEDIATE', '2026-02-03 09:06:35.525');
INSERT INTO public.employee_skills (id, employee_id, tag_id, level, created_at) VALUES ('0b7eb392-ead4-4391-9ec6-32daf114161a', '03771654-a0a4-432c-a346-5109016478ad', '3df796c0-93a9-4e42-b888-7ded9144c17a', 'INTERMEDIATE', '2026-02-03 09:06:35.561');
INSERT INTO public.employee_skills (id, employee_id, tag_id, level, created_at) VALUES ('268af8cd-d1f1-4f00-bebf-c6dbc81f8415', '03771654-a0a4-432c-a346-5109016478ad', 'a0a96e75-f214-4ebe-819a-433a85cea736', 'INTERMEDIATE', '2026-02-03 09:06:35.565');
INSERT INTO public.employee_skills (id, employee_id, tag_id, level, created_at) VALUES ('758f8d8e-d779-40f8-b92a-cbbebede84d6', '03771654-a0a4-432c-a346-5109016478ad', 'bab9e479-53ba-44c7-a97e-5e37e04626cb', 'INTERMEDIATE', '2026-02-03 09:06:35.57');
INSERT INTO public.employee_skills (id, employee_id, tag_id, level, created_at) VALUES ('edd5e308-6ea9-4747-877a-603d4a0966fd', '21e60fa7-25ef-4364-a82a-7c0f67f7e82d', '905adf5d-2a29-4cc7-84a8-fd02be6e2736', 'INTERMEDIATE', '2026-02-03 09:06:35.615');
INSERT INTO public.employee_skills (id, employee_id, tag_id, level, created_at) VALUES ('0378d7c4-00bd-4dd8-b160-925f9c7dbc2b', '21e60fa7-25ef-4364-a82a-7c0f67f7e82d', '7e1a835b-29e3-4442-bb12-d6066ad8c339', 'INTERMEDIATE', '2026-02-03 09:06:35.622');
INSERT INTO public.employee_skills (id, employee_id, tag_id, level, created_at) VALUES ('62d6fcf2-46db-44b9-9003-b09e6ebf070f', '6bd21b60-508d-48f0-9761-6dbd9841649b', 'd5f61390-00a4-4581-9577-99a12d3df922', 'INTERMEDIATE', '2026-02-03 09:06:35.66');
INSERT INTO public.employee_skills (id, employee_id, tag_id, level, created_at) VALUES ('1d9d2d19-476d-4738-9f18-930be7ab50b3', '6bd21b60-508d-48f0-9761-6dbd9841649b', 'd85a67ea-ada0-4ec4-9347-cd763efb199d', 'INTERMEDIATE', '2026-02-03 09:06:35.694');
INSERT INTO public.employee_skills (id, employee_id, tag_id, level, created_at) VALUES ('cb90f154-d2c1-4fa1-bab7-a71c30f378a4', '9c72997f-d002-4972-bb65-d7f09615164a', '287e5b6e-defd-4243-b9f1-ecdeacb9c0ae', 'INTERMEDIATE', '2026-02-03 09:06:35.731');
INSERT INTO public.employee_skills (id, employee_id, tag_id, level, created_at) VALUES ('4ac6b079-bdc6-4c58-b578-d0ca8bc7082a', '1893af45-3005-4a64-920a-d836434b375f', '0a339931-344e-45c7-9d66-395dfbe7da43', 'INTERMEDIATE', '2026-02-03 09:06:35.748');
INSERT INTO public.employee_skills (id, employee_id, tag_id, level, created_at) VALUES ('9716c7a3-470d-4f9d-b0da-b4beb7bb988a', '4740c8d9-4955-4a6f-901d-b0c7f67f7105', '905adf5d-2a29-4cc7-84a8-fd02be6e2736', 'INTERMEDIATE', '2026-02-03 09:06:35.762');
INSERT INTO public.employee_skills (id, employee_id, tag_id, level, created_at) VALUES ('259618c8-ce40-4af2-bf95-48e72621f519', '4740c8d9-4955-4a6f-901d-b0c7f67f7105', '080387f7-db87-470a-bddb-2bf2daf0ecbc', 'INTERMEDIATE', '2026-02-03 09:06:35.767');
INSERT INTO public.employee_skills (id, employee_id, tag_id, level, created_at) VALUES ('61a846da-7b72-469e-8b4f-f67d2d8df57a', 'da77bcc5-087e-4431-bd90-8bbf034698c2', 'e934b516-2f3a-429a-95c4-098ef352cc9f', 'INTERMEDIATE', '2026-02-03 09:06:35.779');
INSERT INTO public.employee_skills (id, employee_id, tag_id, level, created_at) VALUES ('06d0b347-0d3b-461d-bc7e-e057677c5ba5', 'be0c7a36-9687-4d0b-9275-78399ffe4720', '7932cef1-c3c7-480a-b2e4-4f42b16cdcb4', 'INTERMEDIATE', '2026-02-03 09:06:35.83');
INSERT INTO public.employee_skills (id, employee_id, tag_id, level, created_at) VALUES ('bcb25b43-c022-4da7-a50a-fa0058dda5df', '7081d87a-cc08-42e7-b72b-9076e4a066ab', 'bab9e479-53ba-44c7-a97e-5e37e04626cb', 'INTERMEDIATE', '2026-02-03 09:06:35.847');
INSERT INTO public.employee_skills (id, employee_id, tag_id, level, created_at) VALUES ('65105190-a92e-4778-8132-0f29f4c61ab9', 'f6dd0103-7469-4e85-8ccb-38753d737fdc', '456e2d5f-837f-415d-86c1-ef59f8fd5874', 'INTERMEDIATE', '2026-02-03 09:06:35.884');
INSERT INTO public.employee_skills (id, employee_id, tag_id, level, created_at) VALUES ('562bae22-9661-48fd-a3ac-1a96c5fc5f4e', '3452cfe0-d827-4d41-92e1-1ca1b1ffb869', 'bab9e479-53ba-44c7-a97e-5e37e04626cb', 'INTERMEDIATE', '2026-02-03 09:06:35.897');
INSERT INTO public.employee_skills (id, employee_id, tag_id, level, created_at) VALUES ('da7c7955-00ef-4867-b329-f15e9d7dd3a4', 'ea66230f-e01d-429f-a571-400308218c1d', '05f9f4bc-3eb5-4bf8-be9a-d18818ff13cc', 'INTERMEDIATE', '2026-02-03 09:06:35.913');
INSERT INTO public.employee_skills (id, employee_id, tag_id, level, created_at) VALUES ('8ebbc86c-841d-4df2-b934-95543e4eb458', 'ea66230f-e01d-429f-a571-400308218c1d', '0e818680-7104-4ca0-8da9-5ad1c29f08e2', 'INTERMEDIATE', '2026-02-03 09:06:35.943');
INSERT INTO public.employee_skills (id, employee_id, tag_id, level, created_at) VALUES ('cf436748-e52d-4883-a450-fe15be71e1b0', '0fba5149-87fc-472b-b12d-da1ade75ef2e', '05f9f4bc-3eb5-4bf8-be9a-d18818ff13cc', 'INTERMEDIATE', '2026-02-03 09:06:35.965');
INSERT INTO public.employee_skills (id, employee_id, tag_id, level, created_at) VALUES ('82c9daed-94d4-4d1c-a4d2-7d31d2332fd4', '3536e1ab-0010-4552-9c52-bf9feb4f535e', '4800387d-d7c7-4388-be22-f47faa843f7a', 'INTERMEDIATE', '2026-02-03 09:06:35.987');
INSERT INTO public.employee_skills (id, employee_id, tag_id, level, created_at) VALUES ('cfc00711-e1ee-4e12-be8d-98f32085b8ff', 'c1763975-95a4-4cd8-89dc-e7ac85a0b70b', '66bf04ea-0226-40f6-b5fa-619fe23dcc10', 'INTERMEDIATE', '2026-02-03 09:06:36.011');
INSERT INTO public.employee_skills (id, employee_id, tag_id, level, created_at) VALUES ('d29e7bd9-130c-4eb9-848b-634cf83d78e4', 'c1763975-95a4-4cd8-89dc-e7ac85a0b70b', '4c4ca23e-f426-4c1f-b282-79ab21722486', 'INTERMEDIATE', '2026-02-03 09:06:36.024');
INSERT INTO public.employee_skills (id, employee_id, tag_id, level, created_at) VALUES ('89afd3e9-3234-45ba-ad55-4bd3f6f91b89', 'c1763975-95a4-4cd8-89dc-e7ac85a0b70b', '06b0711a-1251-49b0-b7b1-aa80da910df3', 'INTERMEDIATE', '2026-02-03 09:06:36.034');
INSERT INTO public.employee_skills (id, employee_id, tag_id, level, created_at) VALUES ('4e23ce9d-9c8a-418c-864b-0d6587c96450', 'c1763975-95a4-4cd8-89dc-e7ac85a0b70b', '9ffbc557-7f7d-4393-bee8-d31068e9ee54', 'INTERMEDIATE', '2026-02-03 09:06:36.069');
INSERT INTO public.employee_skills (id, employee_id, tag_id, level, created_at) VALUES ('31da6419-773c-47d3-84ea-b7f6deee8c32', '2dfa1a2f-12d1-4126-8627-000f67025915', '456e2d5f-837f-415d-86c1-ef59f8fd5874', 'INTERMEDIATE', '2026-02-03 09:06:36.093');
INSERT INTO public.employee_skills (id, employee_id, tag_id, level, created_at) VALUES ('83a29b51-a43e-4a30-a0c5-467342812751', '2dfa1a2f-12d1-4126-8627-000f67025915', '4800387d-d7c7-4388-be22-f47faa843f7a', 'INTERMEDIATE', '2026-02-03 09:06:36.102');
INSERT INTO public.employee_skills (id, employee_id, tag_id, level, created_at) VALUES ('b27c0309-cb84-4b84-bfad-eda8a277a624', '2dfa1a2f-12d1-4126-8627-000f67025915', '66bf04ea-0226-40f6-b5fa-619fe23dcc10', 'INTERMEDIATE', '2026-02-03 09:06:36.112');
INSERT INTO public.employee_skills (id, employee_id, tag_id, level, created_at) VALUES ('872725fc-0d44-48e4-960e-119b15a09815', '2dfa1a2f-12d1-4126-8627-000f67025915', '4c4ca23e-f426-4c1f-b282-79ab21722486', 'INTERMEDIATE', '2026-02-03 09:06:36.118');
INSERT INTO public.employee_skills (id, employee_id, tag_id, level, created_at) VALUES ('e864d7bc-68e4-429b-b47a-e3c12dc7e012', '2dfa1a2f-12d1-4126-8627-000f67025915', '64308fc0-c52e-4244-b6d0-7a2495886252', 'INTERMEDIATE', '2026-02-03 09:06:36.126');
INSERT INTO public.employee_skills (id, employee_id, tag_id, level, created_at) VALUES ('6bfde1dd-c002-479d-b377-3e477bfe3b5e', '2667cf03-9835-4111-aebb-d571a58f877d', '456e2d5f-837f-415d-86c1-ef59f8fd5874', 'INTERMEDIATE', '2026-02-03 09:06:36.137');
INSERT INTO public.employee_skills (id, employee_id, tag_id, level, created_at) VALUES ('4cba3bfb-14f7-4b0e-bafb-88986c9437ef', '2667cf03-9835-4111-aebb-d571a58f877d', '4800387d-d7c7-4388-be22-f47faa843f7a', 'INTERMEDIATE', '2026-02-03 09:06:36.144');
INSERT INTO public.employee_skills (id, employee_id, tag_id, level, created_at) VALUES ('589636e9-1666-451a-8c12-7751574d2bda', '2667cf03-9835-4111-aebb-d571a58f877d', '1dd27867-7015-4b12-947e-5d2752ca77e0', 'INTERMEDIATE', '2026-02-03 09:06:36.148');
INSERT INTO public.employee_skills (id, employee_id, tag_id, level, created_at) VALUES ('e02af872-d555-481f-830d-b965485f0072', '64cdf0a9-0f8d-4058-be27-60bbcb34f26d', '64d09565-b2c8-46da-9545-a1bfb8b97430', 'INTERMEDIATE', '2026-02-03 09:06:36.184');
INSERT INTO public.employee_skills (id, employee_id, tag_id, level, created_at) VALUES ('8252e9f6-c822-4027-9f3d-dfccc2b81a58', '778b8f8c-d41f-462f-8fde-9c4aad4b87e9', '1df09ef3-6e1f-40d3-b0b6-7646d1f80aa1', 'INTERMEDIATE', '2026-02-03 09:06:36.199');
INSERT INTO public.employee_skills (id, employee_id, tag_id, level, created_at) VALUES ('18d59432-b0e6-4d4e-b802-85678b36b22f', '778b8f8c-d41f-462f-8fde-9c4aad4b87e9', '0e818680-7104-4ca0-8da9-5ad1c29f08e2', 'INTERMEDIATE', '2026-02-03 09:06:36.205');
INSERT INTO public.employee_skills (id, employee_id, tag_id, level, created_at) VALUES ('c8b34bc1-c549-494d-8478-edc36f3def7d', '7d894339-9e49-42d1-9e78-d26a3237a0e9', '1df09ef3-6e1f-40d3-b0b6-7646d1f80aa1', 'INTERMEDIATE', '2026-02-03 09:06:36.221');
INSERT INTO public.employee_skills (id, employee_id, tag_id, level, created_at) VALUES ('dc096552-c9d1-4ce1-a9a4-fdfa1b0eafaf', '7d894339-9e49-42d1-9e78-d26a3237a0e9', '0e818680-7104-4ca0-8da9-5ad1c29f08e2', 'INTERMEDIATE', '2026-02-03 09:06:36.232');
INSERT INTO public.employee_skills (id, employee_id, tag_id, level, created_at) VALUES ('727771c2-949d-4abe-b408-3aa2c6f1838b', 'afaa28c4-56da-4404-9759-4371d076ff41', '4800387d-d7c7-4388-be22-f47faa843f7a', 'INTERMEDIATE', '2026-02-03 09:06:36.274');
INSERT INTO public.employee_skills (id, employee_id, tag_id, level, created_at) VALUES ('1e95bbf4-ca69-4111-8534-8508ec5ca303', 'afaa28c4-56da-4404-9759-4371d076ff41', '0483293b-933a-4847-9221-fc73cdc7576c', 'INTERMEDIATE', '2026-02-03 09:06:36.285');
INSERT INTO public.employee_skills (id, employee_id, tag_id, level, created_at) VALUES ('1eb539b8-b08d-496f-ad5d-c859d2238044', '9f9fd4da-a669-423c-a9b6-1b4a88622bd5', 'def8c07f-7302-4086-b4a3-a83ab4619723', 'INTERMEDIATE', '2026-02-03 09:06:36.302');
INSERT INTO public.employee_skills (id, employee_id, tag_id, level, created_at) VALUES ('565d3d0e-c5f4-4cd0-b3a6-c03f753eb502', '9f9fd4da-a669-423c-a9b6-1b4a88622bd5', '8bf2d934-5a77-445e-abb9-392697a3b23e', 'INTERMEDIATE', '2026-02-03 09:06:36.308');
INSERT INTO public.employee_skills (id, employee_id, tag_id, level, created_at) VALUES ('f35a4236-9a2d-4c9e-abc7-9d36f7201969', '9f9fd4da-a669-423c-a9b6-1b4a88622bd5', '1dda4f48-c4e8-411a-ac87-2b16b289d004', 'INTERMEDIATE', '2026-02-03 09:06:36.342');
INSERT INTO public.employee_skills (id, employee_id, tag_id, level, created_at) VALUES ('586c8a82-e252-48d0-9a1e-f64621d36d37', 'a36dbbe2-d284-4635-838e-58a199150a87', '4d974f81-b4e3-49e8-b11e-6143907a3d3a', 'INTERMEDIATE', '2026-02-03 09:06:36.362');
INSERT INTO public.employee_skills (id, employee_id, tag_id, level, created_at) VALUES ('fb98c6f2-3040-4dd3-8e74-85d5c41fad91', 'a36dbbe2-d284-4635-838e-58a199150a87', '13fdcf34-563d-4a7f-baa3-5f2bf8fa186b', 'INTERMEDIATE', '2026-02-03 09:06:36.37');
INSERT INTO public.employee_skills (id, employee_id, tag_id, level, created_at) VALUES ('9d326297-8752-4475-9195-129e5b24b5f0', 'a36dbbe2-d284-4635-838e-58a199150a87', 'b3578d97-d402-4720-8331-66946e9c1537', 'INTERMEDIATE', '2026-02-03 09:06:36.379');
INSERT INTO public.employee_skills (id, employee_id, tag_id, level, created_at) VALUES ('8c3afab0-21f6-4065-8eea-7ebc95c8450c', 'a36dbbe2-d284-4635-838e-58a199150a87', '26b4336a-c63b-4676-b463-593d33f44b06', 'INTERMEDIATE', '2026-02-03 09:06:36.409');
INSERT INTO public.employee_skills (id, employee_id, tag_id, level, created_at) VALUES ('8e9124f0-42c8-482d-96ed-bcaa0e3d0f6b', 'a36dbbe2-d284-4635-838e-58a199150a87', 'b5acd565-78a6-4631-b795-ce6336f2902e', 'INTERMEDIATE', '2026-02-03 09:06:36.426');
INSERT INTO public.employee_skills (id, employee_id, tag_id, level, created_at) VALUES ('bdb6de6b-998a-4cc9-88eb-f159129d7750', '14e8a986-a474-40f3-a899-2195105464bb', '95d80cb3-4ac2-437c-89bd-54b9e4cd2c47', 'INTERMEDIATE', '2026-02-03 09:06:36.451');
INSERT INTO public.employee_skills (id, employee_id, tag_id, level, created_at) VALUES ('f63546eb-b2e0-4985-adec-b9346063be20', '14e8a986-a474-40f3-a899-2195105464bb', 'a7d3823c-e89c-4961-9ec8-15ce475b12d0', 'INTERMEDIATE', '2026-02-03 09:06:36.463');
INSERT INTO public.employee_skills (id, employee_id, tag_id, level, created_at) VALUES ('cb97775d-2f9e-4d3a-95bd-1f0ed9285d51', '14e8a986-a474-40f3-a899-2195105464bb', 'f31c041c-5dbe-4348-a3b0-ab5657fe002f', 'INTERMEDIATE', '2026-02-03 09:06:36.499');
INSERT INTO public.employee_skills (id, employee_id, tag_id, level, created_at) VALUES ('71b6f59e-9c3e-4bf9-a132-615a919aeb4e', '14e8a986-a474-40f3-a899-2195105464bb', 'ccc3f19b-db07-4980-bd77-94d8152eb229', 'INTERMEDIATE', '2026-02-03 09:06:36.516');
INSERT INTO public.employee_skills (id, employee_id, tag_id, level, created_at) VALUES ('fef46ee8-fe83-4229-890f-bd328169e0c1', '14e8a986-a474-40f3-a899-2195105464bb', '47b65748-307a-4bbc-8050-f08248c68ffb', 'INTERMEDIATE', '2026-02-03 09:06:36.529');
INSERT INTO public.employee_skills (id, employee_id, tag_id, level, created_at) VALUES ('3f2374f6-7eda-4dfe-888f-f9a54663f37d', '778b8f8c-d41f-462f-8fde-9c4aad4b87e9', '81d52249-b9ac-48d9-ad9a-1421396b4e34', 'BEGINNER', '2026-02-03 09:19:44.371');
INSERT INTO public.employee_skills (id, employee_id, tag_id, level, created_at) VALUES ('e51b7117-c1f5-451c-9201-6c99fe30c0fb', '778b8f8c-d41f-462f-8fde-9c4aad4b87e9', '888042bd-e8e0-453a-8eb2-ae4f71219373', 'INTERMEDIATE', '2026-02-03 09:19:44.428');
INSERT INTO public.employee_skills (id, employee_id, tag_id, level, created_at) VALUES ('b61d1d40-8b9b-421e-9096-9db24176edde', '778b8f8c-d41f-462f-8fde-9c4aad4b87e9', '99f75ea1-ade2-4043-88aa-fbb47c4fda7c', 'INTERMEDIATE', '2026-02-03 09:19:44.468');


ALTER TABLE public.employee_skills ENABLE TRIGGER ALL;

--
-- Data for Name: projects; Type: TABLE DATA; Schema: public; Owner: employee_user
--

ALTER TABLE public.projects DISABLE TRIGGER ALL;

INSERT INTO public.projects (id, company_id, department_id, code, name, description, contract_type, contract_start_date, contract_end_date, delivery_date, budget, unit_price, status, location, remark, created_at, updated_at) VALUES ('2d350c5e-83c8-4680-893c-6ab3f7c96e63', '750b2dee-a74d-4482-9e94-9f717b2a53ef', '708e0e6f-d382-4fcf-bd5c-5497327ca270', 'PRJ005', 'モバイルバンキングアプリ開発', 'スマートフォン向け次世代バンキングアプリの開発', 'CONTRACT', '2024-08-01', '2025-07-31', NULL, 72000000.00, 850000.00, 'IN_PROGRESS', '客先常駐（東京都中央区）', NULL, '2026-02-03 07:57:02.537', '2026-02-03 07:57:02.537');
INSERT INTO public.projects (id, company_id, department_id, code, name, description, contract_type, contract_start_date, contract_end_date, delivery_date, budget, unit_price, status, location, remark, created_at, updated_at) VALUES ('97272c34-f51a-4a5d-856f-dd05f311596e', 'ef8ae87d-db22-4f71-80bb-06b92055b39a', 'c624f543-f07b-4155-b59a-cdd5e12bd83d', 'PRJ007', '医療機器組込みソフトウェア開発', '医療用画像診断装置の制御ソフトウェア開発', 'CONTRACT', '2024-09-01', '2025-08-31', NULL, 54000000.00, 750000.00, 'IN_PROGRESS', '客先常駐（愛知県名古屋市）', NULL, '2026-02-03 07:57:02.534', '2026-02-03 07:57:02.534');
INSERT INTO public.projects (id, company_id, department_id, code, name, description, contract_type, contract_start_date, contract_end_date, delivery_date, budget, unit_price, status, location, remark, created_at, updated_at) VALUES ('a9d6e017-1097-4ce9-8a11-da290f32f0fd', 'cc18e01c-e844-46c6-9d85-776a29971b5e', 'c1d44aec-7706-4c9d-917e-6c175af94e08', 'PRJ001', '次世代基幹システム開発プロジェクト', 'クラウドベースの基幹システムをフルスクラッチ開発', 'CONTRACT', '2024-04-01', '2025-03-31', NULL, 150000000.00, 800000.00, 'IN_PROGRESS', '客先常駐（東京都千代田区）', NULL, '2026-02-03 07:57:02.538', '2026-02-03 07:57:02.538');
INSERT INTO public.projects (id, company_id, department_id, code, name, description, contract_type, contract_start_date, contract_end_date, delivery_date, budget, unit_price, status, location, remark, created_at, updated_at) VALUES ('f355097a-b4af-4742-820e-df94330e7f0a', '32f425f2-6658-4718-b887-f49873222fef', '5f928942-6a02-48bf-84de-48e955ca2c1f', 'PRJ004', '電動車制御システム開発', 'EV用パワーエレクトロニクス制御システムの開発', 'CONTRACT', '2024-06-01', '2025-12-31', NULL, 98000000.00, 750000.00, 'IN_PROGRESS', '客先常駐（静岡県浜松市）', NULL, '2026-02-03 07:57:02.535', '2026-02-03 07:57:02.535');
INSERT INTO public.projects (id, company_id, department_id, code, name, description, contract_type, contract_start_date, contract_end_date, delivery_date, budget, unit_price, status, location, remark, created_at, updated_at) VALUES ('9f7f42e1-d317-4da9-a0a8-b36195148738', '9d13bf78-3619-43a4-956a-af38b5671802', 'd1de59bc-5f28-4de1-b834-a220678e492c', 'PRJ010', 'VRコンテンツ制作支援', 'VR体験施設向けコンテンツの技術支援', 'DISPATCH', '2024-12-01', '2025-05-31', NULL, 21000000.00, 650000.00, 'IN_PROGRESS', '客先常駐（東京都渋谷区）', NULL, '2026-02-03 07:57:02.535', '2026-02-03 07:57:02.535');
INSERT INTO public.projects (id, company_id, department_id, code, name, description, contract_type, contract_start_date, contract_end_date, delivery_date, budget, unit_price, status, location, remark, created_at, updated_at) VALUES ('b1f06ca3-40fb-4a7b-8be3-9b11081ccfdf', 'cc18e01c-e844-46c6-9d85-776a29971b5e', '217fb5e6-a8a5-45be-9cc5-8269d1108f71', 'PRJ002', 'AWSインフラ構築・運用', 'AWS環境の構築とDevOps基盤の整備', 'SES', '2024-07-01', '2025-06-30', NULL, 48000000.00, 700000.00, 'IN_PROGRESS', '客先常駐（東京都千代田区）', NULL, '2026-02-03 07:57:02.536', '2026-02-03 07:57:02.536');
INSERT INTO public.projects (id, company_id, department_id, code, name, description, contract_type, contract_start_date, contract_end_date, delivery_date, budget, unit_price, status, location, remark, created_at, updated_at) VALUES ('b67d3a4c-1423-4ed0-9a5f-61d727d96b9b', '32f425f2-6658-4718-b887-f49873222fef', 'aa556193-ab5b-4cbf-ab3c-c8e961cea644', 'PRJ003', '自動車部品の3D CAD設計', '次世代エンジン部品の機構設計と試作', 'DISPATCH', '2024-05-01', '2025-04-30', NULL, 36000000.00, 650000.00, 'IN_PROGRESS', '客先常駐（大阪府大阪市）', NULL, '2026-02-03 07:57:02.532', '2026-02-03 07:57:02.532');
INSERT INTO public.projects (id, company_id, department_id, code, name, description, contract_type, contract_start_date, contract_end_date, delivery_date, budget, unit_price, status, location, remark, created_at, updated_at) VALUES ('c8f5b06a-4f93-4312-a837-7ecd3a4d0041', '9d13bf78-3619-43a4-956a-af38b5671802', 'd1de59bc-5f28-4de1-b834-a220678e492c', 'PRJ009', 'スマホゲーム新規開発', 'オンラインRPGゲームの企画・開発', 'CONTRACT', '2024-11-01', '2025-10-31', NULL, 120000000.00, 700000.00, 'IN_PROGRESS', '客先常駐（東京都渋谷区）', NULL, '2026-02-03 07:57:02.533', '2026-02-03 07:57:02.533');
INSERT INTO public.projects (id, company_id, department_id, code, name, description, contract_type, contract_start_date, contract_end_date, delivery_date, budget, unit_price, status, location, remark, created_at, updated_at) VALUES ('e4942d7a-adf2-47e5-8dfd-94f2ad4047e5', '750b2dee-a74d-4482-9e94-9f717b2a53ef', '708e0e6f-d382-4fcf-bd5c-5497327ca270', 'PRJ006', '決済システム基盤更改', 'レガシーシステムからマイクロサービスへの移行', 'SES', '2024-10-01', '2026-03-31', NULL, 180000000.00, 900000.00, 'IN_PROGRESS', '客先常駐（東京都中央区）', NULL, '2026-02-03 07:57:02.542', '2026-02-03 07:57:02.542');
INSERT INTO public.projects (id, company_id, department_id, code, name, description, contract_type, contract_start_date, contract_end_date, delivery_date, budget, unit_price, status, location, remark, created_at, updated_at) VALUES ('ecc0d137-121d-4198-afa7-aa68376bc1bb', 'ef8ae87d-db22-4f71-80bb-06b92055b39a', 'c624f543-f07b-4155-b59a-cdd5e12bd83d', 'PRJ008', '患者管理システムUI/UX改善', '既存システムのフロントエンド全面刷新', 'CONTRACT', '2025-01-01', '2025-06-30', NULL, 28000000.00, 800000.00, 'PROPOSAL', 'リモート可', NULL, '2026-02-03 07:57:02.54', '2026-02-03 07:57:02.54');


ALTER TABLE public.projects ENABLE TRIGGER ALL;

--
-- Data for Name: project_assignments; Type: TABLE DATA; Schema: public; Owner: employee_user
--

ALTER TABLE public.project_assignments DISABLE TRIGGER ALL;

INSERT INTO public.project_assignments (id, project_id, employee_id, role, assignment_start_date, assignment_end_date, workload_percentage, unit_price, billing_type, status, remark, created_at, updated_at) VALUES ('048ef384-eadf-4492-959f-6e33808d5a01', 'b1f06ca3-40fb-4a7b-8be3-9b11081ccfdf', '99a429be-d6d1-4823-ac9b-af7f3551cc3d', 'インフラエンジニア', '2024-07-01', NULL, 100, 800000.00, 'MONTHLY', 'IN_PROGRESS', NULL, '2026-02-03 07:57:02.613', '2026-02-03 07:57:02.613');
INSERT INTO public.project_assignments (id, project_id, employee_id, role, assignment_start_date, assignment_end_date, workload_percentage, unit_price, billing_type, status, remark, created_at, updated_at) VALUES ('7b1f33c1-8c04-4d5c-b0cc-ab53abe7945a', 'f355097a-b4af-4742-820e-df94330e7f0a', 'a84c05f1-3584-4545-9815-9578542f4b52', '電気設計エンジニア', '2023-06-01', '2024-05-31', 100, 700000.00, 'MONTHLY', 'COMPLETED', '前年度契約', '2026-02-03 07:57:02.613', '2026-02-03 07:57:02.613');
INSERT INTO public.project_assignments (id, project_id, employee_id, role, assignment_start_date, assignment_end_date, workload_percentage, unit_price, billing_type, status, remark, created_at, updated_at) VALUES ('8b9207e8-0a6a-4ed0-82fe-fa17e299a3ae', 'a9d6e017-1097-4ce9-8a11-da290f32f0fd', '616c523b-25d9-4c90-b1e5-2cecb76d8c4f', 'プロジェクトマネージャー', '2024-04-01', NULL, 100, 900000.00, 'MONTHLY', 'IN_PROGRESS', NULL, '2026-02-03 07:57:02.613', '2026-02-03 07:57:02.613');
INSERT INTO public.project_assignments (id, project_id, employee_id, role, assignment_start_date, assignment_end_date, workload_percentage, unit_price, billing_type, status, remark, created_at, updated_at) VALUES ('2c8bd2e9-ca3d-49cb-985a-9988cbd38d0c', 'c8f5b06a-4f93-4312-a837-7ecd3a4d0041', '7b14fe79-25f0-44c6-b2d5-6e7be81f154e', 'ゲームプログラマー', '2024-11-01', NULL, 100, 700000.00, 'MONTHLY', 'IN_PROGRESS', NULL, '2026-02-03 07:57:02.613', '2026-02-03 07:57:02.613');
INSERT INTO public.project_assignments (id, project_id, employee_id, role, assignment_start_date, assignment_end_date, workload_percentage, unit_price, billing_type, status, remark, created_at, updated_at) VALUES ('c1190281-50c8-437b-b99b-0b44917c4e28', '2d350c5e-83c8-4680-893c-6ab3f7c96e63', 'c731e1e1-0331-48f6-b283-9af1bfd66cc9', 'バックエンドエンジニア', '2024-08-01', '2024-11-30', 50, 800000.00, 'MONTHLY', 'COMPLETED', '初期構築フェーズ', '2026-02-03 07:57:02.613', '2026-02-03 07:57:02.613');
INSERT INTO public.project_assignments (id, project_id, employee_id, role, assignment_start_date, assignment_end_date, workload_percentage, unit_price, billing_type, status, remark, created_at, updated_at) VALUES ('ec93eac6-ee75-4787-ac95-2cf5846bc9ae', 'f355097a-b4af-4742-820e-df94330e7f0a', 'a84c05f1-3584-4545-9815-9578542f4b52', '電気設計エンジニア', '2024-06-01', NULL, 100, 750000.00, 'MONTHLY', 'IN_PROGRESS', NULL, '2026-02-03 07:57:02.613', '2026-02-03 07:57:02.613');
INSERT INTO public.project_assignments (id, project_id, employee_id, role, assignment_start_date, assignment_end_date, workload_percentage, unit_price, billing_type, status, remark, created_at, updated_at) VALUES ('c6190200-9424-40d5-8a2f-b88423c4340e', 'b1f06ca3-40fb-4a7b-8be3-9b11081ccfdf', '99a429be-d6d1-4823-ac9b-af7f3551cc3d', 'インフラエンジニア', '2023-07-01', '2024-06-30', 100, 750000.00, 'MONTHLY', 'COMPLETED', '前年度契約', '2026-02-03 07:57:02.613', '2026-02-03 07:57:02.613');
INSERT INTO public.project_assignments (id, project_id, employee_id, role, assignment_start_date, assignment_end_date, workload_percentage, unit_price, billing_type, status, remark, created_at, updated_at) VALUES ('673a04d7-791f-439d-92bb-21966907565e', 'ecc0d137-121d-4198-afa7-aa68376bc1bb', '616c523b-25d9-4c90-b1e5-2cecb76d8c4f', 'プロジェクトリーダー', '2025-02-01', NULL, 50, 850000.00, 'MONTHLY', 'SCHEDULED', NULL, '2026-02-03 07:57:02.613', '2026-02-03 07:57:02.613');
INSERT INTO public.project_assignments (id, project_id, employee_id, role, assignment_start_date, assignment_end_date, workload_percentage, unit_price, billing_type, status, remark, created_at, updated_at) VALUES ('add3de99-a0fe-4df3-99b1-edecc7bfe18d', 'b67d3a4c-1423-4ed0-9a5f-61d727d96b9b', 'd27b1569-23a5-4eaa-afd3-ef8193d84f1f', '機構設計エンジニア', '2023-05-01', '2024-04-30', 100, 650000.00, 'MONTHLY', 'COMPLETED', '前年度契約', '2026-02-03 07:57:02.613', '2026-02-03 07:57:02.613');
INSERT INTO public.project_assignments (id, project_id, employee_id, role, assignment_start_date, assignment_end_date, workload_percentage, unit_price, billing_type, status, remark, created_at, updated_at) VALUES ('5eb28a84-fae4-4299-8fe3-fc0d482f69ce', 'ecc0d137-121d-4198-afa7-aa68376bc1bb', '24d03682-a4b2-416c-8dbe-cefcce64021d', 'フロントエンドエンジニア', '2025-03-01', NULL, 80, 800000.00, 'MONTHLY', 'SCHEDULED', NULL, '2026-02-03 07:57:02.613', '2026-02-03 07:57:02.613');
INSERT INTO public.project_assignments (id, project_id, employee_id, role, assignment_start_date, assignment_end_date, workload_percentage, unit_price, billing_type, status, remark, created_at, updated_at) VALUES ('c968c42a-b6a9-420b-87d3-152ca7ec6b37', 'b67d3a4c-1423-4ed0-9a5f-61d727d96b9b', 'd27b1569-23a5-4eaa-afd3-ef8193d84f1f', '機構設計エンジニア', '2024-05-01', NULL, 100, 700000.00, 'MONTHLY', 'IN_PROGRESS', NULL, '2026-02-03 07:57:02.614', '2026-02-03 07:57:02.614');
INSERT INTO public.project_assignments (id, project_id, employee_id, role, assignment_start_date, assignment_end_date, workload_percentage, unit_price, billing_type, status, remark, created_at, updated_at) VALUES ('3340d1d8-3d7e-49b1-b7cc-7f31ec0b122f', '97272c34-f51a-4a5d-856f-dd05f311596e', '71b08dce-1912-4039-b795-b47491283609', '組込みエンジニア', '2025-01-01', NULL, 100, 800000.00, 'MONTHLY', 'IN_PROGRESS', NULL, '2026-02-03 07:57:02.613', '2026-02-03 07:57:02.613');
INSERT INTO public.project_assignments (id, project_id, employee_id, role, assignment_start_date, assignment_end_date, workload_percentage, unit_price, billing_type, status, remark, created_at, updated_at) VALUES ('fd085f3f-9aba-4729-b212-b733e14f37fa', 'e4942d7a-adf2-47e5-8dfd-94f2ad4047e5', 'c731e1e1-0331-48f6-b283-9af1bfd66cc9', 'バックエンドエンジニア', '2025-01-01', NULL, 100, 900000.00, 'MONTHLY', 'IN_PROGRESS', NULL, '2026-02-03 07:57:02.613', '2026-02-03 07:57:02.613');
INSERT INTO public.project_assignments (id, project_id, employee_id, role, assignment_start_date, assignment_end_date, workload_percentage, unit_price, billing_type, status, remark, created_at, updated_at) VALUES ('5dd77ce2-bce7-4022-a127-67af81208518', 'e4942d7a-adf2-47e5-8dfd-94f2ad4047e5', '71b08dce-1912-4039-b795-b47491283609', 'アーキテクト', '2024-10-01', '2024-12-31', 50, 950000.00, 'MONTHLY', 'COMPLETED', 'アーキテクチャ設計フェーズ', '2026-02-03 07:57:02.614', '2026-02-03 07:57:02.614');
INSERT INTO public.project_assignments (id, project_id, employee_id, role, assignment_start_date, assignment_end_date, workload_percentage, unit_price, billing_type, status, remark, created_at, updated_at) VALUES ('189a808c-1ca2-484c-bfc5-bfad9c159da0', 'c8f5b06a-4f93-4312-a837-7ecd3a4d0041', '24d03682-a4b2-416c-8dbe-cefcce64021d', 'UI/UXエンジニア', '2025-01-01', NULL, 50, 750000.00, 'MONTHLY', 'IN_PROGRESS', NULL, '2026-02-03 07:57:02.613', '2026-02-03 07:57:02.613');
INSERT INTO public.project_assignments (id, project_id, employee_id, role, assignment_start_date, assignment_end_date, workload_percentage, unit_price, billing_type, status, remark, created_at, updated_at) VALUES ('1565ef3b-6dbe-4c48-8c15-684c85f1c5dd', 'a9d6e017-1097-4ce9-8a11-da290f32f0fd', '24d03682-a4b2-416c-8dbe-cefcce64021d', 'フロントエンドエンジニア', '2024-05-01', NULL, 100, 750000.00, 'MONTHLY', 'IN_PROGRESS', NULL, '2026-02-03 07:57:02.613', '2026-02-03 07:57:02.613');
INSERT INTO public.project_assignments (id, project_id, employee_id, role, assignment_start_date, assignment_end_date, workload_percentage, unit_price, billing_type, status, remark, created_at, updated_at) VALUES ('a53d8c5a-dc0e-41ca-8dad-959db55cf22f', '9f7f42e1-d317-4da9-a0a8-b36195148738', '7b14fe79-25f0-44c6-b2d5-6e7be81f154e', 'VRエンジニア', '2024-12-01', '2025-02-28', 50, 650000.00, 'MONTHLY', 'COMPLETED', NULL, '2026-02-03 07:57:02.613', '2026-02-03 07:57:02.613');
INSERT INTO public.project_assignments (id, project_id, employee_id, role, assignment_start_date, assignment_end_date, workload_percentage, unit_price, billing_type, status, remark, created_at, updated_at) VALUES ('e36e9f82-eafb-4f12-bcee-221ee2e2bf47', 'a9d6e017-1097-4ce9-8a11-da290f32f0fd', 'c731e1e1-0331-48f6-b283-9af1bfd66cc9', 'バックエンドエンジニア', '2024-05-01', NULL, 100, 750000.00, 'MONTHLY', 'IN_PROGRESS', NULL, '2026-02-03 07:57:02.613', '2026-02-03 07:57:02.613');
INSERT INTO public.project_assignments (id, project_id, employee_id, role, assignment_start_date, assignment_end_date, workload_percentage, unit_price, billing_type, status, remark, created_at, updated_at) VALUES ('edbe0195-62a6-499c-a608-c9821e714a84', 'b1f06ca3-40fb-4a7b-8be3-9b11081ccfdf', '99a429be-d6d1-4823-ac9b-af7f3551cc3d', 'インフラエンジニア', '2024-07-01', NULL, 100, 800000.00, 'MONTHLY', 'IN_PROGRESS', NULL, '2026-02-03 08:48:38.248', '2026-02-03 08:48:38.248');
INSERT INTO public.project_assignments (id, project_id, employee_id, role, assignment_start_date, assignment_end_date, workload_percentage, unit_price, billing_type, status, remark, created_at, updated_at) VALUES ('785ca391-0c41-41e4-9b0e-d3c3a60968a6', '2d350c5e-83c8-4680-893c-6ab3f7c96e63', 'c731e1e1-0331-48f6-b283-9af1bfd66cc9', 'バックエンドエンジニア', '2024-08-01', '2024-11-30', 50, 800000.00, 'MONTHLY', 'COMPLETED', '初期構築フェーズ', '2026-02-03 08:48:38.248', '2026-02-03 08:48:38.248');
INSERT INTO public.project_assignments (id, project_id, employee_id, role, assignment_start_date, assignment_end_date, workload_percentage, unit_price, billing_type, status, remark, created_at, updated_at) VALUES ('6e4ec5fd-0daf-4463-acb4-5997313fdc08', '9f7f42e1-d317-4da9-a0a8-b36195148738', '7b14fe79-25f0-44c6-b2d5-6e7be81f154e', 'VRエンジニア', '2024-12-01', '2025-02-28', 50, 650000.00, 'MONTHLY', 'COMPLETED', NULL, '2026-02-03 08:48:38.249', '2026-02-03 08:48:38.249');
INSERT INTO public.project_assignments (id, project_id, employee_id, role, assignment_start_date, assignment_end_date, workload_percentage, unit_price, billing_type, status, remark, created_at, updated_at) VALUES ('8da08f45-9773-4926-b197-88b0ed7281f7', 'e4942d7a-adf2-47e5-8dfd-94f2ad4047e5', 'c731e1e1-0331-48f6-b283-9af1bfd66cc9', 'バックエンドエンジニア', '2025-01-01', NULL, 100, 900000.00, 'MONTHLY', 'IN_PROGRESS', NULL, '2026-02-03 08:48:38.248', '2026-02-03 08:48:38.248');
INSERT INTO public.project_assignments (id, project_id, employee_id, role, assignment_start_date, assignment_end_date, workload_percentage, unit_price, billing_type, status, remark, created_at, updated_at) VALUES ('bc7d01f6-3a72-451a-82e8-65b0b6da2979', 'e4942d7a-adf2-47e5-8dfd-94f2ad4047e5', '71b08dce-1912-4039-b795-b47491283609', 'アーキテクト', '2024-10-01', '2024-12-31', 50, 950000.00, 'MONTHLY', 'COMPLETED', 'アーキテクチャ設計フェーズ', '2026-02-03 08:48:38.248', '2026-02-03 08:48:38.248');
INSERT INTO public.project_assignments (id, project_id, employee_id, role, assignment_start_date, assignment_end_date, workload_percentage, unit_price, billing_type, status, remark, created_at, updated_at) VALUES ('a215996e-36b2-48c8-b834-b46a52d7cdf0', 'a9d6e017-1097-4ce9-8a11-da290f32f0fd', '24d03682-a4b2-416c-8dbe-cefcce64021d', 'フロントエンドエンジニア', '2024-05-01', NULL, 100, 750000.00, 'MONTHLY', 'IN_PROGRESS', NULL, '2026-02-03 08:48:38.248', '2026-02-03 08:48:38.248');
INSERT INTO public.project_assignments (id, project_id, employee_id, role, assignment_start_date, assignment_end_date, workload_percentage, unit_price, billing_type, status, remark, created_at, updated_at) VALUES ('fde451cd-b12b-4c74-b647-ab10e6d36ce4', 'f355097a-b4af-4742-820e-df94330e7f0a', 'a84c05f1-3584-4545-9815-9578542f4b52', '電気設計エンジニア', '2024-06-01', NULL, 100, 750000.00, 'MONTHLY', 'IN_PROGRESS', NULL, '2026-02-03 08:48:38.248', '2026-02-03 08:48:38.248');
INSERT INTO public.project_assignments (id, project_id, employee_id, role, assignment_start_date, assignment_end_date, workload_percentage, unit_price, billing_type, status, remark, created_at, updated_at) VALUES ('4cf4a497-3a5f-4cf6-9863-273a9ce9ba96', '97272c34-f51a-4a5d-856f-dd05f311596e', '71b08dce-1912-4039-b795-b47491283609', '組込みエンジニア', '2025-01-01', NULL, 100, 800000.00, 'MONTHLY', 'IN_PROGRESS', NULL, '2026-02-03 08:48:38.249', '2026-02-03 08:48:38.249');
INSERT INTO public.project_assignments (id, project_id, employee_id, role, assignment_start_date, assignment_end_date, workload_percentage, unit_price, billing_type, status, remark, created_at, updated_at) VALUES ('c9f91126-5848-47d1-9cc7-acaf36c2df70', 'c8f5b06a-4f93-4312-a837-7ecd3a4d0041', '7b14fe79-25f0-44c6-b2d5-6e7be81f154e', 'ゲームプログラマー', '2024-11-01', NULL, 100, 700000.00, 'MONTHLY', 'IN_PROGRESS', NULL, '2026-02-03 08:48:38.249', '2026-02-03 08:48:38.249');
INSERT INTO public.project_assignments (id, project_id, employee_id, role, assignment_start_date, assignment_end_date, workload_percentage, unit_price, billing_type, status, remark, created_at, updated_at) VALUES ('655334b6-2718-43a3-9f29-759f9e75b40e', 'b67d3a4c-1423-4ed0-9a5f-61d727d96b9b', 'd27b1569-23a5-4eaa-afd3-ef8193d84f1f', '機構設計エンジニア', '2024-05-01', NULL, 100, 700000.00, 'MONTHLY', 'IN_PROGRESS', NULL, '2026-02-03 08:48:38.249', '2026-02-03 08:48:38.249');
INSERT INTO public.project_assignments (id, project_id, employee_id, role, assignment_start_date, assignment_end_date, workload_percentage, unit_price, billing_type, status, remark, created_at, updated_at) VALUES ('64f309ec-077b-471c-bddd-bbb5bc959841', 'b67d3a4c-1423-4ed0-9a5f-61d727d96b9b', 'd27b1569-23a5-4eaa-afd3-ef8193d84f1f', '機構設計エンジニア', '2023-05-01', '2024-04-30', 100, 650000.00, 'MONTHLY', 'COMPLETED', '前年度契約', '2026-02-03 08:48:38.249', '2026-02-03 08:48:38.249');
INSERT INTO public.project_assignments (id, project_id, employee_id, role, assignment_start_date, assignment_end_date, workload_percentage, unit_price, billing_type, status, remark, created_at, updated_at) VALUES ('9f447df8-7ac8-4fc6-b0b8-49fb36dd8bd7', 'f355097a-b4af-4742-820e-df94330e7f0a', 'a84c05f1-3584-4545-9815-9578542f4b52', '電気設計エンジニア', '2023-06-01', '2024-05-31', 100, 700000.00, 'MONTHLY', 'COMPLETED', '前年度契約', '2026-02-03 08:48:38.249', '2026-02-03 08:48:38.249');
INSERT INTO public.project_assignments (id, project_id, employee_id, role, assignment_start_date, assignment_end_date, workload_percentage, unit_price, billing_type, status, remark, created_at, updated_at) VALUES ('5ec4884e-21d7-4787-a63b-14971398def3', 'b1f06ca3-40fb-4a7b-8be3-9b11081ccfdf', '99a429be-d6d1-4823-ac9b-af7f3551cc3d', 'インフラエンジニア', '2023-07-01', '2024-06-30', 100, 750000.00, 'MONTHLY', 'COMPLETED', '前年度契約', '2026-02-03 08:48:38.249', '2026-02-03 08:48:38.249');
INSERT INTO public.project_assignments (id, project_id, employee_id, role, assignment_start_date, assignment_end_date, workload_percentage, unit_price, billing_type, status, remark, created_at, updated_at) VALUES ('f7fe0a95-0309-4374-8442-f143e15825f6', 'c8f5b06a-4f93-4312-a837-7ecd3a4d0041', '24d03682-a4b2-416c-8dbe-cefcce64021d', 'UI/UXエンジニア', '2025-01-01', NULL, 50, 750000.00, 'MONTHLY', 'IN_PROGRESS', NULL, '2026-02-03 08:48:38.249', '2026-02-03 08:48:38.249');
INSERT INTO public.project_assignments (id, project_id, employee_id, role, assignment_start_date, assignment_end_date, workload_percentage, unit_price, billing_type, status, remark, created_at, updated_at) VALUES ('64fe27a5-18ee-4aaa-a28d-c245b32dac31', 'ecc0d137-121d-4198-afa7-aa68376bc1bb', '616c523b-25d9-4c90-b1e5-2cecb76d8c4f', 'プロジェクトリーダー', '2025-02-01', NULL, 50, 850000.00, 'MONTHLY', 'SCHEDULED', NULL, '2026-02-03 08:48:38.249', '2026-02-03 08:48:38.249');
INSERT INTO public.project_assignments (id, project_id, employee_id, role, assignment_start_date, assignment_end_date, workload_percentage, unit_price, billing_type, status, remark, created_at, updated_at) VALUES ('3213e42b-6cc7-4542-be51-7102f2107350', 'ecc0d137-121d-4198-afa7-aa68376bc1bb', '24d03682-a4b2-416c-8dbe-cefcce64021d', 'フロントエンドエンジニア', '2025-03-01', NULL, 80, 800000.00, 'MONTHLY', 'SCHEDULED', NULL, '2026-02-03 08:48:38.249', '2026-02-03 08:48:38.249');
INSERT INTO public.project_assignments (id, project_id, employee_id, role, assignment_start_date, assignment_end_date, workload_percentage, unit_price, billing_type, status, remark, created_at, updated_at) VALUES ('605ee0e7-26b3-4d8d-800c-188628078c70', 'a9d6e017-1097-4ce9-8a11-da290f32f0fd', 'c731e1e1-0331-48f6-b283-9af1bfd66cc9', 'バックエンドエンジニア', '2024-05-01', NULL, 100, 750000.00, 'MONTHLY', 'IN_PROGRESS', NULL, '2026-02-03 08:48:38.248', '2026-02-03 08:48:38.248');
INSERT INTO public.project_assignments (id, project_id, employee_id, role, assignment_start_date, assignment_end_date, workload_percentage, unit_price, billing_type, status, remark, created_at, updated_at) VALUES ('bae42172-87d6-47f4-a7b6-3a994fcd6205', 'a9d6e017-1097-4ce9-8a11-da290f32f0fd', '71b08dce-1912-4039-b795-b47491283609', 'リードエンジニア', '2024-04-01', NULL, 100, 850000.00, 'MONTHLY', 'IN_PROGRESS', NULL, '2026-02-03 08:48:38.249', '2026-02-03 08:48:38.249');
INSERT INTO public.project_assignments (id, project_id, employee_id, role, assignment_start_date, assignment_end_date, workload_percentage, unit_price, billing_type, status, remark, created_at, updated_at) VALUES ('4bac07c7-4bd7-4eb0-87a6-620c192b3b56', 'a9d6e017-1097-4ce9-8a11-da290f32f0fd', '616c523b-25d9-4c90-b1e5-2cecb76d8c4f', 'プロジェクトマネージャー', '2024-04-01', NULL, 100, 900000.00, 'MONTHLY', 'IN_PROGRESS', NULL, '2026-02-03 08:48:38.248', '2026-02-03 08:48:38.248');
INSERT INTO public.project_assignments (id, project_id, employee_id, role, assignment_start_date, assignment_end_date, workload_percentage, unit_price, billing_type, status, remark, created_at, updated_at) VALUES ('18fb07c2-1783-4349-a286-be6d85344f10', '2d350c5e-83c8-4680-893c-6ab3f7c96e63', '24d03682-a4b2-416c-8dbe-cefcce64021d', 'フロントエンドエンジニア', '2024-08-01', '2024-12-31', 50, 850000.00, 'MONTHLY', 'COMPLETED', '前半フェーズのみ参画', '2026-02-03 08:48:38.249', '2026-02-03 08:48:38.249');
INSERT INTO public.project_assignments (id, project_id, employee_id, role, assignment_start_date, assignment_end_date, workload_percentage, unit_price, billing_type, status, remark, created_at, updated_at) VALUES ('71d67403-399f-41eb-b8bf-e67179aba8cb', 'a9d6e017-1097-4ce9-8a11-da290f32f0fd', '71b08dce-1912-4039-b795-b47491283609', 'リードエンジニア', '2024-04-01', NULL, 100, 850000.00, 'MONTHLY', 'IN_PROGRESS', NULL, '2026-02-03 07:57:02.613', '2026-02-03 07:57:02.613');
INSERT INTO public.project_assignments (id, project_id, employee_id, role, assignment_start_date, assignment_end_date, workload_percentage, unit_price, billing_type, status, remark, created_at, updated_at) VALUES ('267adb9e-d11e-44fa-a19f-226598bbd988', '2d350c5e-83c8-4680-893c-6ab3f7c96e63', '24d03682-a4b2-416c-8dbe-cefcce64021d', 'フロントエンドエンジニア', '2024-08-01', '2024-12-31', 50, 850000.00, 'MONTHLY', 'COMPLETED', '前半フェーズのみ参画', '2026-02-03 07:57:02.613', '2026-02-03 07:57:02.613');


ALTER TABLE public.project_assignments ENABLE TRIGGER ALL;

--
-- Data for Name: users; Type: TABLE DATA; Schema: public; Owner: employee_user
--

ALTER TABLE public.users DISABLE TRIGGER ALL;

INSERT INTO public.users (id, email, password_hash, role, created_at) VALUES ('7bbaeb55-f4ca-4f00-99b1-3b6f7f0f5abe', 'admin@example.com', '$2a$12$s.9hZ2xE7MLV/EsUUTx/4u8pBpjaJORPU64RAnqFnDn2b8uORv2l2', 'ADMIN', '2026-02-03 07:57:02.302');


ALTER TABLE public.users ENABLE TRIGGER ALL;

--
-- PostgreSQL database dump complete
--

\unrestrict unYaZysy4inxv1gvw9cS5LTY4pfBV7z1VJLfMqwxQJZ5rw8jJMELoCi9ZBfqBzZ

